{"OutputJensenShannonDivergence2D":0.9653552218234391,"OutputKLDivergence2D":16.752879805561115}