{"OutputNGramSimilarity2D":0.4561935384886934,"OutputNGramSimilarity1D":0.9433338761863155,"NoveltyScore":0.18605866666687046,"PlaytraceDiversity":0.6877287427550524,"OutputJensenShannonDivergence1D":0.42311845440313517,"OutputJensenShannonDivergence2D":0.9831278973045148,"OutputKLDivergence1D":1.0199422678940628,"OutputKLDivergence2D":16.91998833383433,"OutputLevenshteinDistance":0.18160812328790074,"OutputNaiveSimilarity":0.7962657599996242,"OutputStructuralSimilarity":0.10662025000124407}