{"OutputNGramSimilarity2D":0.1861947836707606,"OutputNGramSimilarity1D":0.9598487000040843,"NoveltyScore":0.5480109737871856,"PlaytraceDiversity":0.6620424718474194,"OutputJensenShannonDivergence1D":0.7091322811339363,"OutputJensenShannonDivergence2D":0.9999263307928058,"OutputKLDivergence1D":9.750920750672682,"OutputKLDivergence2D":19.85307974037618,"OutputLevenshteinDistance":0.3431141867558792,"OutputNaiveSimilarity":0.49787037160495534,"OutputStructuralSimilarity":0.08692743333392142}