{"OutputJensenShannonDivergence2D":0.9291723119931434,"OutputKLDivergence2D":16.018837805098293}