{"OutputNGramSimilarity2D":0.5648286552508133,"OutputNGramSimilarity1D":0.9412865450471782,"NoveltyScore":0.3623093284893609,"PlaytraceDiversity":0.6188670434609482,"OutputJensenShannonDivergence1D":0.517484143544497,"OutputJensenShannonDivergence2D":0.9299158074540964,"OutputKLDivergence1D":4.269358400652466,"OutputKLDivergence2D":16.08486014713418,"OutputLevenshteinDistance":0.22209592258834426,"OutputNaiveSimilarity":0.7170614832932253,"OutputStructuralSimilarity":0.20776019693296002}