{"OutputNGramSimilarity2D":0.5362777447630664,"OutputNGramSimilarity1D":0.945984533340658,"NoveltyScore":0.3883959574864652,"PlaytraceDiversity":0.7347337790814131,"OutputJensenShannonDivergence1D":0.61703087373436,"OutputJensenShannonDivergence2D":0.9885875825789178,"OutputKLDivergence1D":1.6484694231760006,"OutputKLDivergence2D":18.565004910669217,"OutputLevenshteinDistance":0.21645154122521185,"OutputNaiveSimilarity":0.6999807182295071,"OutputStructuralSimilarity":0.03595178939400648}