{"OutputNGramSimilarity2D":0.4855967998689152,"OutputNGramSimilarity1D":0.9932830227353411,"NoveltyScore":0.19690426484029788,"PlaytraceDiversity":0.599162132787889,"OutputJensenShannonDivergence1D":0.7897698130137586,"OutputJensenShannonDivergence2D":1.0000000000000002,"OutputKLDivergence1D":4.967735752215297,"OutputKLDivergence2D":17.61295565428909,"OutputLevenshteinDistance":0.19186904566226215,"OutputNaiveSimilarity":0.7843898299996019,"OutputStructuralSimilarity":0.10551695000127614}