{"OutputNGramSimilarity2D":0.7208117797192953,"OutputNGramSimilarity1D":0.9673605440638228,"NoveltyScore":0.6565948946113218,"PlaytraceDiversity":0.7965631434362052,"OutputJensenShannonDivergence1D":NaN,"OutputJensenShannonDivergence2D":NaN,"OutputKLDivergence1D":NaN,"OutputKLDivergence2D":NaN,"OutputLevenshteinDistance":0.5337413475084392,"OutputNaiveSimilarity":0.3039980809937011,"OutputStructuralSimilarity":0.04431225207890715}