{"OutputNGramSimilarity2D":0.5816204730881999,"OutputNGramSimilarity1D":0.889380952380882,"NoveltyScore":0.07857224880382388,"PlaytraceDiversity":0.5979561808298381,"OutputJensenShannonDivergence1D":0.7276016884755871,"OutputJensenShannonDivergence2D":1.0000000000000002,"OutputKLDivergence1D":2.4185068087697044,"OutputKLDivergence2D":19.22035682000803,"OutputLevenshteinDistance":0.07763397129186221,"OutputNaiveSimilarity":0.9162163265306154,"OutputStructuralSimilarity":0.42306071428572495}