{"OutputJensenShannonDivergence2D":0.9833447237354677,"OutputKLDivergence2D":18.22281263506952}