{"OutputNGramSimilarity2D":0.4071236243678171,"OutputNGramSimilarity1D":0.982693750328839,"NoveltyScore":0.4649829703113604,"PlaytraceDiversity":0.7530031415257146,"OutputJensenShannonDivergence1D":0.23614007231807282,"OutputJensenShannonDivergence2D":0.9603554403551645,"OutputKLDivergence1D":0.5298075622861842,"OutputKLDivergence2D":16.504101296949063,"OutputLevenshteinDistance":0.32154044687255334,"OutputNaiveSimilarity":0.5969531783049392,"OutputStructuralSimilarity":0.09109124328944154}