{"OutputJensenShannonDivergence2D":0.9592774369786385,"OutputKLDivergence2D":16.453986368568287}