{"OutputNGramSimilarity2D":0.6114959108978197,"OutputNGramSimilarity1D":0.888463636363667,"NoveltyScore":0.3210859756097568,"PlaytraceDiversity":0.6302272505401446,"OutputJensenShannonDivergence1D":0.45439253014246733,"OutputJensenShannonDivergence2D":0.9918406359998586,"OutputKLDivergence1D":1.207187231575237,"OutputKLDivergence2D":18.280175954914828,"OutputLevenshteinDistance":0.2885249999999998,"OutputNaiveSimilarity":0.6580642857142831,"OutputStructuralSimilarity":0.18466850649351815}