{"OutputJensenShannonDivergence2D":0.8798643066370155,"OutputKLDivergence2D":13.537079572192251}