{"generatedExamples\\FineTunedLLMGenerator\\zelda\\zelda_lvl000.txt":{"Density":0.823076923076923,"NegativeSpace":0.17692307692307693,"ShannonEntropy":4.24539351574122,"FloodReachability":-2.0,"WallFloorRatio":4.28,"NaiveSimilarity":-0.367816091954023,"NGramSimilarity1D":0.0,"NGramSimilarity2D":0.0,"Linearity":0.07087959024123432,"CompressionDistance":0.8865671641791044,"KLDivergence1D":0.0,"KLDivergence2D":0.0,"BalanceHorizontal":0.7627906976744186,"BalanceVertical":0.47307692307692306,"JensenShannonDivergence1D":0.628814905598096,"JensenShannonDivergence2D":0.5000000000000017,"DecorationFrequenct":0.9852320675105485,"HazardTileRation":0.002109704641350211,"RewardDensity":0.008438818565400843,"Symmetry":0.005905511811023622,"Difficulty":0.0,"Binning*":{"ConsistentRows":false,"ContainsPlayer":false,"NotEmpty":true}},"generatedExamples\\FineTunedLLMGenerator\\zelda\\zelda_lvl001.txt":{"Density":0.9388677450047573,"NegativeSpace":0.06113225499524263,"ShannonEntropy":4.3862502195949045,"FloodReachability":4.5187528242205153E-4,"WallFloorRatio":12.13946587537092,"NaiveSimilarity":-0.023271577044735654,"NGramSimilarity1D":0.0,"NGramSimilarity2D":0.0,"Linearity":NaN,"CompressionDistance":0.9682151589242054,"KLDivergence1D":0.0,"KLDivergence2D":0.0,"BalanceHorizontal":6.081434396737826,"BalanceVertical":0.0,"JensenShannonDivergence1D":0.5,"JensenShannonDivergence2D":0.5000000000000017,"DecorationFrequenct":0.9924552705324423,"HazardTileRation":0.008406984263849967,"RewardDensity":0.01271825824531149,"Symmetry":0.5309534568459106,"Difficulty":80.0,"Binning*":{"ConsistentRows":false,"ContainsPlayer":true,"NotEmpty":true}},"generatedExamples\\FineTunedLLMGenerator\\zelda\\zelda_lvl002.txt":{"Density":0.7705761316872428,"NegativeSpace":0.2294238683127572,"ShannonEntropy":4.355832947920853,"FloodReachability":0.09153543307086615,"WallFloorRatio":3.1713147410358564,"NaiveSimilarity":-0.0027559055118110236,"NGramSimilarity1D":0.0075046904315197,"NGramSimilarity2D":0.0075046904315197,"Linearity":0.2898482737771356,"CompressionDistance":0.9507194244604316,"KLDivergence1D":19.49651216775434,"KLDivergence2D":18.237616368175296,"BalanceHorizontal":-51.960277427490546,"BalanceVertical":2.3422354104846685,"JensenShannonDivergence1D":0.859328393406393,"JensenShannonDivergence2D":0.983183907593282,"DecorationFrequenct":0.9806451612903225,"HazardTileRation":0.01129032258064516,"RewardDensity":0.020967741935483872,"Symmetry":0.01464114832535885,"Difficulty":32.0,"Binning*":{"ConsistentRows":false,"ContainsPlayer":true,"NotEmpty":true}},"generatedExamples\\FineTunedLLMGenerator\\zelda\\zelda_lvl003.txt":{"Density":0.7833333333333333,"NegativeSpace":0.21666666666666667,"ShannonEntropy":3.974320799478543,"FloodReachability":0.03333333333333333,"WallFloorRatio":3.1333333333333333,"NaiveSimilarity":-0.39316239316239315,"NGramSimilarity1D":0.0,"NGramSimilarity2D":0.0,"Linearity":NaN,"CompressionDistance":0.7111111111111111,"KLDivergence1D":0.0,"KLDivergence2D":0.0,"BalanceHorizontal":-0.6276595744680851,"BalanceVertical":0.0,"JensenShannonDivergence1D":0.5,"JensenShannonDivergence2D":0.5000000000000017,"DecorationFrequenct":0.9853479853479854,"HazardTileRation":0.003663003663003663,"RewardDensity":0.007326007326007326,"Symmetry":0.5333333333333333,"Difficulty":0.0,"Binning*":{"ConsistentRows":true,"ContainsPlayer":true,"NotEmpty":true}},"generatedExamples\\FineTunedLLMGenerator\\zelda\\zelda_lvl004.txt":{"Density":0.8,"NegativeSpace":0.2,"ShannonEntropy":4.013175446562157,"FloodReachability":0.03333333333333333,"WallFloorRatio":3.1333333333333333,"NaiveSimilarity":-0.39316239316239315,"NGramSimilarity1D":0.0,"NGramSimilarity2D":0.0,"Linearity":NaN,"CompressionDistance":0.7138888888888889,"KLDivergence1D":0.0,"KLDivergence2D":0.0,"BalanceHorizontal":-0.020833333333333332,"BalanceVertical":0.0,"JensenShannonDivergence1D":0.5,"JensenShannonDivergence2D":0.5000000000000017,"DecorationFrequenct":0.9853479853479854,"HazardTileRation":0.003663003663003663,"RewardDensity":0.01098901098901099,"Symmetry":0.5333333333333333,"Difficulty":0.0,"Binning*":{"ConsistentRows":true,"ContainsPlayer":true,"NotEmpty":true}},"generatedExamples\\FineTunedLLMGenerator\\zelda\\zelda_lvl005.txt":{"Density":0.7833333333333333,"NegativeSpace":0.21666666666666667,"ShannonEntropy":3.974320799478543,"FloodReachability":0.03333333333333333,"WallFloorRatio":3.1333333333333333,"NaiveSimilarity":-0.39316239316239315,"NGramSimilarity1D":0.0,"NGramSimilarity2D":0.0,"Linearity":NaN,"CompressionDistance":0.7111111111111111,"KLDivergence1D":0.0,"KLDivergence2D":0.0,"BalanceHorizontal":-0.6276595744680851,"BalanceVertical":0.0,"JensenShannonDivergence1D":0.5,"JensenShannonDivergence2D":0.5000000000000017,"DecorationFrequenct":0.9853479853479854,"HazardTileRation":0.003663003663003663,"RewardDensity":0.007326007326007326,"Symmetry":0.5333333333333333,"Difficulty":0.0,"Binning*":{"ConsistentRows":true,"ContainsPlayer":true,"NotEmpty":true}},"generatedExamples\\FineTunedLLMGenerator\\zelda\\zelda_lvl006.txt":{"Density":0.7945205479452054,"NegativeSpace":0.2054794520547945,"ShannonEntropy":4.03767589589172,"FloodReachability":0.0273972602739726,"WallFloorRatio":3.411764705882353,"NaiveSimilarity":-0.5042735042735043,"NGramSimilarity1D":0.0,"NGramSimilarity2D":0.0,"Linearity":NaN,"CompressionDistance":0.7228915662650602,"KLDivergence1D":0.0,"KLDivergence2D":0.0,"BalanceHorizontal":-0.05172413793103448,"BalanceVertical":0.0,"JensenShannonDivergence1D":0.5,"JensenShannonDivergence2D":0.5000000000000017,"DecorationFrequenct":0.986013986013986,"HazardTileRation":0.0034965034965034965,"RewardDensity":0.006993006993006993,"Symmetry":0.547945205479452,"Difficulty":0.0,"Binning*":{"ConsistentRows":true,"ContainsPlayer":true,"NotEmpty":true}},"generatedExamples\\FineTunedLLMGenerator\\zelda\\zelda_lvl007.txt":{"Density":0.8142857142857143,"NegativeSpace":0.18571428571428572,"ShannonEntropy":4.1036215768371775,"FloodReachability":-2.0,"WallFloorRatio":3.933333333333333,"NaiveSimilarity":-0.49572649572649574,"NGramSimilarity1D":0.0,"NGramSimilarity2D":0.0,"Linearity":NaN,"CompressionDistance":0.7558139534883721,"KLDivergence1D":0.0,"KLDivergence2D":0.0,"BalanceHorizontal":-0.19491525423728814,"BalanceVertical":0.0,"JensenShannonDivergence1D":0.5,"JensenShannonDivergence2D":0.5000000000000017,"DecorationFrequenct":0.9859649122807017,"HazardTileRation":0.0035087719298245615,"RewardDensity":0.007017543859649123,"Symmetry":0.5138888888888888,"Difficulty":0.0,"Binning*":{"ConsistentRows":true,"ContainsPlayer":false,"NotEmpty":true}},"generatedExamples\\FineTunedLLMGenerator\\zelda\\zelda_lvl008.txt":{"Density":0.8235294117647058,"NegativeSpace":0.17647058823529413,"ShannonEntropy":4.134374606684534,"FloodReachability":0.029411764705882353,"WallFloorRatio":3.6666666666666665,"NaiveSimilarity":-0.46153846153846156,"NGramSimilarity1D":0.0,"NGramSimilarity2D":0.0,"Linearity":NaN,"CompressionDistance":0.735,"KLDivergence1D":0.0,"KLDivergence2D":0.0,"BalanceHorizontal":-0.017857142857142856,"BalanceVertical":0.0,"JensenShannonDivergence1D":0.5,"JensenShannonDivergence2D":0.5000000000000017,"DecorationFrequenct":0.9857651245551602,"HazardTileRation":0.0035587188612099642,"RewardDensity":0.010676156583629894,"Symmetry":0.5294117647058824,"Difficulty":0.0,"Binning*":{"ConsistentRows":true,"ContainsPlayer":true,"NotEmpty":true}},"generatedExamples\\FineTunedLLMGenerator\\zelda\\zelda_lvl009.txt":{"Density":0.8194444444444444,"NegativeSpace":0.18055555555555555,"ShannonEntropy":4.099099518171129,"FloodReachability":0.027777777777777776,"WallFloorRatio":3.625,"NaiveSimilarity":-0.49572649572649574,"NGramSimilarity1D":0.0,"NGramSimilarity2D":0.0,"Linearity":NaN,"CompressionDistance":0.7219512195121951,"KLDivergence1D":0.0,"KLDivergence2D":0.0,"BalanceHorizontal":0.7542372881355932,"BalanceVertical":0.0,"JensenShannonDivergence1D":0.5,"JensenShannonDivergence2D":0.5000000000000017,"DecorationFrequenct":0.9824561403508771,