{"generatedExamples\\FineTunedLLMGenerator\\dungeon\\dungeon_lvl000.txt":{"Density":0.9200520833333333,"NegativeSpace":0.07994791666666666,"ShannonEntropy":3.2787393147795068,"FloodReachability":4.306632213608958E-4,"WallFloorRatio":11.837016574585636,"NaiveSimilarity":-0.08979328165374677,"NGramSimilarity1D":0.0033333333333333335,"NGramSimilarity2D":0.0033333333333333335,"Linearity":0.11861480059242255,"CompressionDistance":0.9191601049868767,"KLDivergence1D":0.0,"KLDivergence2D":0.0,"BalanceHorizontal":-10.222388747982476,"BalanceVertical":0.45002154243860404,"JensenShannonDivergence1D":0.7951066765070618,"JensenShannonDivergence2D":0.4999999999999987,"DecorationFrequenct":0.9830609804703069,"HazardTileRation":0.2504982064567557,"RewardDensity":0.011757672379434038,"Symmetry":0.02912511332728921,"Difficulty":2601.0,"Binning*":{"ConsistentRows":false,"ContainsPlayer":true,"NotEmpty":true}},"generatedExamples\\FineTunedLLMGenerator\\dungeon\\dungeon_lvl001.txt":{"Density":0.8465909090909091,"NegativeSpace":0.1534090909090909,"ShannonEntropy":3.979929868664458,"FloodReachability":0.01098901098901099,"WallFloorRatio":4.4411764705882355,"NaiveSimilarity":-0.31831985801617035,"NGramSimilarity1D":0.008064516129032258,"NGramSimilarity2D":0.008064516129032258,"Linearity":0.13696753619996088,"CompressionDistance":0.810623053774804,"KLDivergence1D":0.0,"KLDivergence2D":0.0,"BalanceHorizontal":0.3774193548387097,"BalanceVertical":0.43956043956043955,"JensenShannonDivergence1D":0.6110040591734983,"JensenShannonDivergence2D":0.4999999999999987,"DecorationFrequenct":0.9946043165467626,"HazardTileRation":0.0539568345323741,"RewardDensity":0.01079136690647482,"Symmetry":0.0043859649122807015,"Difficulty":58.0,"Binning*":{"ConsistentRows":false,"ContainsPlayer":true,"NotEmpty":true}},"generatedExamples\\FineTunedLLMGenerator\\dungeon\\dungeon_lvl002.txt":{"Density":0.8444444444444444,"NegativeSpace":0.15555555555555556,"ShannonEntropy":3.364829593237846,"FloodReachability":-2.0,"WallFloorRatio":4.411764705882353,"NaiveSimilarity":-0.14508456113662188,"NGramSimilarity1D":0.0,"NGramSimilarity2D":0.0,"Linearity":NaN,"CompressionDistance":0.8181882561711566,"KLDivergence1D":0.0,"KLDivergence2D":0.0,"BalanceHorizontal":-0.6710526315789473,"BalanceVertical":0.0,"JensenShannonDivergence1D":0.5,"JensenShannonDivergence2D":0.4999999999999987,"DecorationFrequenct":0.9956896551724138,"HazardTileRation":0.04525862068965517,"RewardDensity":0.0,"Symmetry":0.5444444444444444,"Difficulty":48.0,"Binning*":{"ConsistentRows":true,"ContainsPlayer":false,"NotEmpty":true}},"generatedExamples\\FineTunedLLMGenerator\\dungeon\\dungeon_lvl003.txt":{"Density":0.8028169014084507,"NegativeSpace":0.19718309859154928,"ShannonEntropy":3.7374532649312973,"FloodReachability":0.0410958904109589,"WallFloorRatio":3.411764705882353,"NaiveSimilarity":-0.10610661933872348,"NGramSimilarity1D":0.015873015873015872,"NGramSimilarity2D":0.015873015873015872,"Linearity":NaN,"CompressionDistance":0.831248206710119,"KLDivergence1D":0.0,"KLDivergence2D":0.0,"BalanceHorizontal":-0.06779661016949153,"BalanceVertical":0.0,"JensenShannonDivergence1D":0.5,"JensenShannonDivergence2D":0.4999999999999987,"DecorationFrequenct":0.9932885906040269,"HazardTileRation":0.026845637583892617,"RewardDensity":0.006711409395973154,"Symmetry":0.5342465753424658,"Difficulty":23.0,"Binning*":{"ConsistentRows":false,"ContainsPlayer":true,"NotEmpty":true}},"generatedExamples\\FineTunedLLMGenerator\\dungeon\\dungeon_lvl004.txt":{"Density":0.7931034482758621,"NegativeSpace":0.20689655172413793,"ShannonEntropy":3.508361495561448,"FloodReachability":-2.0,"WallFloorRatio":3.2857142857142856,"NaiveSimilarity":-0.07362500117380812,"NGramSimilarity1D":0.020833333333333332,"NGramSimilarity2D":0.020833333333333332,"Linearity":NaN,"CompressionDistance":0.8272624257907619,"KLDivergence1D":0.0,"KLDivergence2D":0.0,"BalanceHorizontal":-0.2826086956521739,"BalanceVertical":0.0,"JensenShannonDivergence1D":0.5,"JensenShannonDivergence2D":0.4999999999999987,"DecorationFrequenct":0.9930555555555556,"HazardTileRation":0.023148148148148147,"RewardDensity":0.004629629629629629,"Symmetry":0.5172413793103449,"Difficulty":20.0,"Binning*":{"ConsistentRows":true,"ContainsPlayer":false,"NotEmpty":true}},"generatedExamples\\FineTunedLLMGenerator\\dungeon\\dungeon_lvl005.txt":{"Density":0.8806818181818182,"NegativeSpace":0.11931818181818182,"ShannonEntropy":3.6232332859619394,"FloodReachability":0.010869565217391304,"WallFloorRatio":5.413793103448276,"NaiveSimilarity":-0.346470593759097,"NGramSimilarity1D":0.016260162601626018,"NGramSimilarity2D":0.016260162601626018,"Linearity":NaN,"CompressionDistance":0.8093491684244857,"KLDivergence1D":0.0,"KLDivergence2D":0.0,"BalanceHorizontal":3.1564417177914113,"BalanceVertical":0.0,"JensenShannonDivergence1D":0.5,"JensenShannonDivergence2D":0.4999999999999987,"DecorationFrequenct":0.9946236559139785,"HazardTileRation":0.05555555555555555,"RewardDensity":0.0035842293906810036,"Symmetry":0.5054347826086957,"Difficulty":62.0,"Binning*":{"ConsistentRows":false,"ContainsPlayer":true,"NotEmpty":true}},"generatedExamples\\FineTunedLLMGenerator\\dungeon\\dungeon_lvl006.txt":{"Density":0.8181818181818182,"NegativeSpace":0.18181818181818182,"ShannonEntropy":3.640086499185698,"FloodReachability":-2.0,"WallFloorRatio":3.857142857142857,"NaiveSimilarity":-0.09094853086176298,"NGramSimilarity1D":0.017857142857142856,"NGramSimilarity2D":0.017857142857142856,"Linearity":NaN,"CompressionDistance":0.8183366791767224,"KLDivergence1D":0.0,"KLDivergence2D":0.0,"BalanceHorizontal":-0.24074074074074073,"BalanceVertical":0.0,"JensenShannonDivergence1D":0.5,"JensenShannonDivergence2D":0.4999999999999987,"DecorationFrequenct":0.9931818181818182,"HazardTileRation":0.025,"RewardDensity":0.004545454545454545,"Symmetry":0.5151515151515151,"Difficulty":21.0,"Binning*":{"ConsistentRows":true,"ContainsPlayer":false,"NotEmpty":true}},"generatedExamples\\FineTunedLLMGenerator\\dungeon\\dungeon_lvl007.txt":{"Density":0.8109090909090909,"NegativeSpace":0.1890909090909091,"ShannonEntropy":3.744010631506254,"FloodReachability":-2.0,"WallFloorRatio":3.7288135593220337,"NaiveSimilarity":-0.5305330966936173,"NGramSimilarity1D":0.005291005291005291,"NGramSimilarity2D":0.005291005291005291,"Linearity":0.06753098413317421,"CompressionDistance":0.8803921568627452,"KLDivergence1D":0.0,"KLDivergence2D":0.0,"BalanceHorizontal":0.08035714285714286,"BalanceVertical":0.47435897435897434,"JensenShannonDivergence1D":0.5544568108474464,"JensenShannonDivergence2D":0.4999999999999987,"DecorationFrequenct":0.9892307692307692,"HazardTileRation":0.07076923076923076,"RewardDensity":0.006153846153846154,"Symmetry":0.019516728624535316,"Difficulty":107.0,"Binning*":{"ConsistentRows":false,"ContainsPlayer":false,"NotEmpty":true}},"generatedExamples\\FineTunedLLMGenerator\\dungeon\\dungeon_lvl008.txt":{"Density":0.8006430868167203,"NegativeSpace":0.19935691318327975,"ShannonEntropy":3.6779898639165363,"FloodReachability":0.006389776357827476,"WallFloorRatio":3.2533333333333334,"NaiveSimilarity":-0.5846691269684762,"NGramSimilarity1D":0.014492753623188406,"NGramSimilarity2D":0.014492753623188406,"Linearity":0.12872127148894244,"CompressionDistance":0.8534562211981568,"KLDivergence1D":15.657632331384098,"KLDivergence2D":0.0,"BalanceHorizontal":-7.639442231075697,"BalanceVertical":0.919093851132686,"JensenShannonDivergence1D":0.6925650595534117,"JensenShannonDivergence2D":0.4999999999999987,"DecorationFrequenct":0.9854862119013063,"HazardTileRation":0.07111756168359942,"RewardDensity":0.010159651669085631,"Symmetry":0.024376417233560092,"Difficulty":115.0,"Binning*":{"ConsistentRows":false,"ContainsPlayer":true,"NotEmpty":true}},"generatedExamples\\FineTunedLLMGenerator\\dungeon\\dungeon_lvl009.txt":{"Density":0.8266666666666667,"NegativeSpace":0.17333333333333334,"ShannonEntropy":3.7903620717103905,"FloodReachability":-2.0,"WallFloorRatio":4.133333333333334,