{"OutputNGramSimilarity2D":0.4659653113741663,"OutputNGramSimilarity1D":0.8853061812093055,"NoveltyScore":0.5747035024840864,"PlaytraceDiversity":0.7484843299702497,"OutputJensenShannonDivergence1D":0.5029980870937067,"OutputJensenShannonDivergence2D":0.9557644446748035,"OutputKLDivergence1D":1.2684895538213328,"OutputKLDivergence2D":16.18310862127034,"OutputLevenshteinDistance":0.31532359354241873,"OutputNaiveSimilarity":0.503009781561153,"OutputStructuralSimilarity":0.014168011477777112}