{"OutputNGramSimilarity2D":0.4601571641309832,"OutputNGramSimilarity1D":0.8630153740838314,"NoveltyScore":0.4106544973365645,"PlaytraceDiversity":0.7059053081683633,"OutputJensenShannonDivergence1D":0.40748456189333715,"OutputJensenShannonDivergence2D":0.8817950031888111,"OutputKLDivergence1D":0.9683453287896778,"OutputKLDivergence2D":13.615225999151537,"OutputLevenshteinDistance":0.2411063092775259,"OutputNaiveSimilarity":0.6710361525028052,"OutputStructuralSimilarity":0.1263373482173338}