{"OutputNGramSimilarity2D":NaN,"OutputNGramSimilarity1D":0.926151306598768,"NoveltyScore":0.5148748104267233,"PlaytraceDiversity":0.7269106961092289,"OutputJensenShannonDivergence1D":0.661041370035018,"OutputJensenShannonDivergence2D":0.9516099493029214,"OutputKLDivergence1D":5.088734376423497,"OutputKLDivergence2D":16.932703751664665,"OutputLevenshteinDistance":0.3094090781718547,"OutputNaiveSimilarity":0.5343461979451332,"OutputStructuralSimilarity":0.03875128385310372}