{"OutputJensenShannonDivergence2D":0.9726699814230668,"OutputKLDivergence2D":17.540122186396907}