{"OutputNGramSimilarity2D":0.534618203876227,"OutputNGramSimilarity1D":0.9153963333402124,"NoveltyScore":0.5160636138192413,"PlaytraceDiversity":0.7046500142812362,"OutputJensenShannonDivergence1D":0.62736778293595,"OutputJensenShannonDivergence2D":0.9726699814230668,"OutputKLDivergence1D":1.6972060492060026,"OutputKLDivergence2D":17.540122186396907,"OutputLevenshteinDistance":0.3386631942964331,"OutputNaiveSimilarity":0.5184793080785006,"OutputStructuralSimilarity":0.01651915119047631}