{"OutputNGramSimilarity2D":NaN,"OutputNGramSimilarity1D":0.9999999999999062,"NoveltyScore":0.6609639783197913,"PlaytraceDiversity":0.807775627842839,"OutputJensenShannonDivergence1D":0.6375314884456807,"OutputJensenShannonDivergence2D":0.9385293903195441,"OutputKLDivergence1D":1.7818963770731975,"OutputKLDivergence2D":18.337815336033596,"OutputLevenshteinDistance":0.31218520199120553,"OutputNaiveSimilarity":0.4491043600403139,"OutputStructuralSimilarity":0.086997698412696}