{"generatedExamples\\FineTunedLLMGenerator\\artillery\\artillery_lvl000.txt":{"Density":0.8333333333333334,"NegativeSpace":0.16666666666666666,"ShannonEntropy":4.389234504552178,"FloodReachability":0.009280742459396751,"WallFloorRatio":4.828947368421052,"NaiveSimilarity":-0.22366589327146175,"NGramSimilarity1D":0.0,"NGramSimilarity2D":0.0,"Linearity":0.28715135672953734,"CompressionDistance":0.9013793103448278,"KLDivergence1D":0.0,"KLDivergence2D":0.0,"BalanceHorizontal":-4.293478260869565,"BalanceVertical":2.5348837209302326,"JensenShannonDivergence1D":0.9744470386923513,"JensenShannonDivergence2D":0.9999999999999873,"DecorationFrequenct":0.9857904085257548,"HazardTileRation":0.003552397868561279,"RewardDensity":0.003552397868561279,"Symmetry":0.009545454545454544,"Difficulty":6.25,"Binning*":{"ConsistentRows":false,"ContainsPlayer":true,"NotEmpty":true}},"generatedExamples\\FineTunedLLMGenerator\\artillery\\artillery_lvl001.txt":{"Density":0.7077986179664363,"NegativeSpace":0.29220138203356366,"ShannonEntropy":4.081506632943151,"FloodReachability":9.45179584120983E-4,"WallFloorRatio":2.520440251572327,"NaiveSimilarity":0.020037807183364842,"NGramSimilarity1D":0.0015220700152207,"NGramSimilarity2D":0.0015220700152207,"Linearity":0.08714851809527643,"CompressionDistance":0.9637698898408813,"KLDivergence1D":22.404431615601585,"KLDivergence2D":21.937162176111638,"BalanceHorizontal":-133.86548556430446,"BalanceVertical":4.702273803884415,"JensenShannonDivergence1D":0.9726758230475899,"JensenShannonDivergence2D":0.9999999999999761,"DecorationFrequenct":0.9609375,"HazardTileRation":0.005642361111111111,"RewardDensity":0.0026041666666666665,"Symmetry":0.009084349993440903,"Difficulty":50.75,"Binning*":{"ConsistentRows":false,"ContainsPlayer":true,"NotEmpty":true}},"generatedExamples\\FineTunedLLMGenerator\\artillery\\artillery_lvl002.txt":{"Density":0.8181818181818182,"NegativeSpace":0.18181818181818182,"ShannonEntropy":4.104165142868889,"FloodReachability":-2.0,"WallFloorRatio":3.533333333333333,"NaiveSimilarity":-0.14685314685314685,"NGramSimilarity1D":0.0,"NGramSimilarity2D":0.0,"Linearity":NaN,"CompressionDistance":0.7427775501197831,"KLDivergence1D":0.0,"KLDivergence2D":0.0,"BalanceHorizontal":-0.24074074074074073,"BalanceVertical":0.0,"JensenShannonDivergence1D":0.5,"JensenShannonDivergence2D":0.5000000000000002,"DecorationFrequenct":0.9848484848484849,"HazardTileRation":0.010101010101010102,"RewardDensity":0.005050505050505051,"Symmetry":0.5151515151515151,"Difficulty":5.25,"Binning*":{"ConsistentRows":true,"ContainsPlayer":false,"NotEmpty":true}},"generatedExamples\\FineTunedLLMGenerator\\artillery\\artillery_lvl003.txt":{"Density":0.813953488372093,"NegativeSpace":0.18604651162790697,"ShannonEntropy":4.128781452910907,"FloodReachability":-2.0,"WallFloorRatio":4.093023255813954,"NaiveSimilarity":-0.6748251748251748,"NGramSimilarity1D":0.0,"NGramSimilarity2D":0.0,"Linearity":NaN,"CompressionDistance":0.869047619047619,"KLDivergence1D":0.0,"KLDivergence2D":0.0,"BalanceHorizontal":0.3446327683615819,"BalanceVertical":0.0,"JensenShannonDivergence1D":0.5,"JensenShannonDivergence2D":0.5000000000000002,"DecorationFrequenct":0.9828080229226361,"HazardTileRation":0.0057306590257879654,"RewardDensity":0.0028653295128939827,"Symmetry":0.5299539170506913,"Difficulty":6.75,"Binning*":{"ConsistentRows":true,"ContainsPlayer":false,"NotEmpty":true}},"generatedExamples\\FineTunedLLMGenerator\\artillery\\artillery_lvl004.txt":{"Density":0.9219949916527546,"NegativeSpace":0.07800500834724541,"ShannonEntropy":4.015542624167585,"FloodReachability":3.900916715428125E-5,"WallFloorRatio":6.426423821913848,"NaiveSimilarity":-0.004673298225082894,"NGramSimilarity1D":0.0,"NGramSimilarity2D":0.0,"Linearity":0.21990062534869506,"CompressionDistance":0.9743440233236151,"KLDivergence1D":22.815243508529704,"KLDivergence2D":22.384234462850007,"BalanceHorizontal":-1000.7853235714887,"BalanceVertical":-19.71330212599961,"JensenShannonDivergence1D":0.9988792221422395,"JensenShannonDivergence2D":0.999999999999973,"DecorationFrequenct":0.9848667106437469,"HazardTileRation":0.013775173644794537,"RewardDensity":3.880330604167475E-5,"Symmetry":7.668221911674106E-4,"Difficulty":374.0,"Binning*":{"ConsistentRows":false,"ContainsPlayer":true,"NotEmpty":true}},"generatedExamples\\FineTunedLLMGenerator\\artillery\\artillery_lvl005.txt":{"Density":0.7960199004975125,"NegativeSpace":0.20398009950248755,"ShannonEntropy":4.134378365816611,"FloodReachability":0.004975124378109453,"WallFloorRatio":3.6136363636363638,"NaiveSimilarity":-0.6188811188811189,"NGramSimilarity1D":0.0,"NGramSimilarity2D":0.0,"Linearity":NaN,"CompressionDistance":0.843421052631579,"KLDivergence1D":0.0,"KLDivergence2D":0.0,"BalanceHorizontal":0.7125,"BalanceVertical":0.0,"JensenShannonDivergence1D":0.5,"JensenShannonDivergence2D":0.5000000000000002,"DecorationFrequenct":0.9819819819819819,"HazardTileRation":0.006006006006006006,"RewardDensity":0.003003003003003003,"Symmetry":0.5472636815920398,"Difficulty":6.5,"Binning*":{"ConsistentRows":true,"ContainsPlayer":true,"NotEmpty":true}},"generatedExamples\\FineTunedLLMGenerator\\artillery\\artillery_lvl006.txt":{"Density":0.7488188976377953,"NegativeSpace":0.2511811023622047,"ShannonEntropy":4.241586775528492,"FloodReachability":0.0022488755622188904,"WallFloorRatio":3.0,"NaiveSimilarity":0.03253373313343329,"NGramSimilarity1D":0.0,"NGramSimilarity2D":0.0,"Linearity":0.24235023937805014,"CompressionDistance":0.9560062402496101,"KLDivergence1D":21.513789897689357,"KLDivergence2D":19.89219963708821,"BalanceHorizontal":-68.80443349753695,"BalanceVertical":2.2237735849056603,"JensenShannonDivergence1D":0.977763550464906,"JensenShannonDivergence2D":0.9999999999999801,"DecorationFrequenct":0.9790964261631827,"HazardTileRation":0.004720161834120027,"RewardDensity":0.004045853000674309,"Symmetry":0.020246478873239437,"Difficulty":17.0,"Binning*":{"ConsistentRows":false,"ContainsPlayer":true,"NotEmpty":true}},"generatedExamples\\FineTunedLLMGenerator\\artillery\\artillery_lvl007.txt":{"Density":0.9333333333333333,"NegativeSpace":0.06666666666666667,"ShannonEntropy":3.4565647621309536,"FloodReachability":-2.0,"WallFloorRatio":16.0,"NaiveSimilarity":0.003496503496503497,"NGramSimilarity1D":0.0,"NGramSimilarity2D":0.0,"Linearity":NaN,"CompressionDistance":0.7798212709620477,"KLDivergence1D":0.0,"KLDivergence2D":0.0,"BalanceHorizontal":0.2857142857142857,"BalanceVertical":0.0,"JensenShannonDivergence1D":0.5,"JensenShannonDivergence2D":0.5000000000000002,"DecorationFrequenct":0.9931972789115646,"HazardTileRation":0.006802721088435374,"RewardDensity":0.006802721088435374,"Symmetry":0.5333333333333333,"Difficulty":0.5,"Binning*":{"ConsistentRows":true,"ContainsPlayer":false,"NotEmpty":true}},"generatedExamples\\FineTunedLLMGenerator\\artillery\\artillery_lvl008.txt":{"Density":0.8473451327433629,"NegativeSpace":0.15265486725663716,"ShannonEntropy":4.516491109672593,"FloodReachability":0.008583690987124463,"WallFloorRatio":4.719512195121951,"NaiveSimilarity":-0.5283261802575108,"NGramSimilarity1D":0.0,"NGramSimilarity2D":0.0,"Linearity":0.07802655366565427,"CompressionDistance":0.9273291925465837,"KLDivergence1D":0.0,"KLDivergence2D":0.0,"BalanceHorizontal":2.646095717884131,"BalanceVertical":0.4699570815450644,"JensenShannonDivergence1D":0.9098106511261043,"JensenShannonDivergence2D":0.5000000000000002,"DecorationFrequenct":0.9882943143812709,"HazardTileRation":0.006688963210702341,"RewardDensity":0.0033444816053511705,"Symmetry":0.01327433628318584,"Difficulty":6.5,"Binning*":{"ConsistentRows":false,"ContainsPlayer":true,"NotEmpty":true}},"generatedExamples\\FineTunedLLMGenerator\\artillery\\artillery_lvl009.txt":{"Density":0.8181818181818182,"NegativeSpace":0.18181818181818182,"ShannonEntropy":4.104165142868889,"FloodReachability":-2.0,"WallFloorRatio":3.533333333333333,"NaiveSimilarity":-0.14685314685314685,"NGramSimilarity1D":0.0,"NGramSimilarity2D":0.0,"Linearity":NaN,