{"OutputNGramSimilarity2D":0.7208117797192953,"OutputNGramSimilarity1D":0.9673605440638228,"NoveltyScore":0.1763896448436377,"PlaytraceDiversity":0.36229281612692055,"OutputJensenShannonDivergence1D":0.2878509520850508,"OutputJensenShannonDivergence2D":0.5919305434713548,"OutputKLDivergence1D":0.6444348384788261,"OutputKLDivergence2D":6.243408873822109,"OutputLevenshteinDistance":0.11975386082843205,"OutputNaiveSimilarity":0.864912272949678,"OutputStructuralSimilarity":0.3198786567050051}