{"OutputJensenShannonDivergence2D":0.5919320681648166,"OutputKLDivergence2D":6.243441859316692}