{"OutputNGramSimilarity2D":0.3226041552398589,"OutputNGramSimilarity1D":0.8863130146861321,"NoveltyScore":0.5690237630041848,"PlaytraceDiversity":0.7720387019396125,"OutputJensenShannonDivergence1D":0.8827929782220935,"OutputJensenShannonDivergence2D":1.0,"OutputKLDivergence1D":4.396218538080654,"OutputKLDivergence2D":19.514878259951317,"OutputLevenshteinDistance":0.380255140087854,"OutputNaiveSimilarity":0.45253005650081274,"OutputStructuralSimilarity":0.004919046603397832}