{"OutputNGramSimilarity2D":0.42084274404489463,"OutputNGramSimilarity1D":0.9732078108719868,"NoveltyScore":0.5832133563323063,"PlaytraceDiversity":0.7522697089895832,"OutputJensenShannonDivergence1D":0.5437974001541889,"OutputJensenShannonDivergence2D":0.9918593217814543,"OutputKLDivergence1D":1.4082203518904552,"OutputKLDivergence2D":19.350057561812307,"OutputLevenshteinDistance":0.30016618557727326,"OutputNaiveSimilarity":0.5230108085458858,"OutputStructuralSimilarity":0.13821152389443506}