{"generatedExamples\\FineTunedLLMGenerator\\realsokoban\\realsokoban_lvl000.txt":{"Density":0.82,"NegativeSpace":0.18,"ShannonEntropy":4.066335636652325,"FloodReachability":-2.0,"WallFloorRatio":2.923076923076923,"NaiveSimilarity":-0.552,"NGramSimilarity1D":0.0,"NGramSimilarity2D":0.0,"Linearity":NaN,"CompressionDistance":0.8040816326530612,"KLDivergence1D":0.0,"KLDivergence2D":0.0,"BalanceHorizontal":1.6097560975609757,"BalanceVertical":0.0,"JensenShannonDivergence1D":0.5,"JensenShannonDivergence2D":0.49999999999999944,"DecorationFrequenct":0.9875,"HazardTileRation":0.004166666666666667,"RewardDensity":0.03333333333333333,"Symmetry":0.53,"Difficulty":0.75,"Binning*":{"ConsistentRows":true,"ContainsPlayer":false,"NotEmpty":true}},"generatedExamples\\FineTunedLLMGenerator\\realsokoban\\realsokoban_lvl001.txt":{"Density":0.8088235294117647,"NegativeSpace":0.19117647058823528,"ShannonEntropy":4.076419911104333,"FloodReachability":0.029411764705882353,"WallFloorRatio":2.888888888888889,"NaiveSimilarity":-0.658047385620915,"NGramSimilarity1D":0.0,"NGramSimilarity2D":0.0,"Linearity":NaN,"CompressionDistance":0.725,"KLDivergence1D":0.0,"KLDivergence2D":0.0,"BalanceHorizontal":-0.6090909090909091,"BalanceVertical":0.0,"JensenShannonDivergence1D":0.5,"JensenShannonDivergence2D":0.49999999999999944,"DecorationFrequenct":0.9855769230769231,"HazardTileRation":0.004807692307692308,"RewardDensity":0.02403846153846154,"Symmetry":0.5294117647058824,"Difficulty":0.75,"Binning*":{"ConsistentRows":true,"ContainsPlayer":true,"NotEmpty":true}},"generatedExamples\\FineTunedLLMGenerator\\realsokoban\\realsokoban_lvl002.txt":{"Density":0.8290155440414507,"NegativeSpace":0.17098445595854922,"ShannonEntropy":4.323866958267427,"FloodReachability":0.014925373134328358,"WallFloorRatio":3.4130434782608696,"NaiveSimilarity":-0.2746268656716418,"NGramSimilarity1D":0.015037593984962405,"NGramSimilarity2D":0.015037593984962405,"Linearity":NaN,"CompressionDistance":0.8604938271604938,"KLDivergence1D":0.0,"KLDivergence2D":0.0,"BalanceHorizontal":0.25595238095238093,"BalanceVertical":0.0,"JensenShannonDivergence1D":0.5,"JensenShannonDivergence2D":0.49999999999999944,"DecorationFrequenct":0.9882697947214076,"HazardTileRation":0.002932551319648094,"RewardDensity":0.03519061583577713,"Symmetry":0.5323383084577115,"Difficulty":1.0,"Binning*":{"ConsistentRows":false,"ContainsPlayer":true,"NotEmpty":true}},"generatedExamples\\FineTunedLLMGenerator\\realsokoban\\realsokoban_lvl003.txt":{"Density":0.9111111111111111,"NegativeSpace":0.08888888888888889,"ShannonEntropy":3.844320529942617,"FloodReachability":-2.0,"WallFloorRatio":4.222222222222222,"NaiveSimilarity":-0.5801587301587301,"NGramSimilarity1D":0.0,"NGramSimilarity2D":0.0,"Linearity":NaN,"CompressionDistance":0.667741935483871,"KLDivergence1D":0.0,"KLDivergence2D":0.0,"BalanceHorizontal":0.6341463414634146,"BalanceVertical":0.0,"JensenShannonDivergence1D":0.5,"JensenShannonDivergence2D":0.49999999999999944,"DecorationFrequenct":0.9945945945945946,"HazardTileRation":0.005405405405405406,"RewardDensity":0.02702702702702703,"Symmetry":0.5333333333333333,"Difficulty":0.25,"Binning*":{"ConsistentRows":true,"ContainsPlayer":false,"NotEmpty":true}},"generatedExamples\\FineTunedLLMGenerator\\realsokoban\\realsokoban_lvl004.txt":{"Density":0.8189845474613686,"NegativeSpace":0.18101545253863136,"ShannonEntropy":4.335187546111356,"FloodReachability":0.008620689655172414,"WallFloorRatio":3.1,"NaiveSimilarity":0.03275862068965517,"NGramSimilarity1D":0.0449438202247191,"NGramSimilarity2D":0.0449438202247191,"Linearity":0.1457791288020457,"CompressionDistance":0.889419795221843,"KLDivergence1D":20.446907872087934,"KLDivergence2D":20.718164752101192,"BalanceHorizontal":-36.075916230366495,"BalanceVertical":2.5244444444444443,"JensenShannonDivergence1D":0.7520137833816013,"JensenShannonDivergence2D":0.9528576389138639,"DecorationFrequenct":0.8977272727272727,"HazardTileRation":0.0016233766233766235,"RewardDensity":0.056818181818181816,"Symmetry":0.01834862385321101,"Difficulty":25.75,"Binning*":{"ConsistentRows":false,"ContainsPlayer":true,"NotEmpty":true}},"generatedExamples\\FineTunedLLMGenerator\\realsokoban\\realsokoban_lvl005.txt":{"Density":0.816260162601626,"NegativeSpace":0.183739837398374,"ShannonEntropy":4.364428566040014,"FloodReachability":0.003205128205128205,"WallFloorRatio":3.0833333333333335,"NaiveSimilarity":-0.0266025641025641,"NGramSimilarity1D":0.0028328611898017,"NGramSimilarity2D":0.0028328611898017,"Linearity":0.22273105846028285,"CompressionDistance":0.9387186629526463,"KLDivergence1D":19.910802209574417,"KLDivergence2D":19.588496445178713,"BalanceHorizontal":-51.01859099804305,"BalanceVertical":0.6314102564102564,"JensenShannonDivergence1D":0.8315353945364493,"JensenShannonDivergence2D":1.0000000000000044,"DecorationFrequenct":0.988296488946684,"HazardTileRation":0.0013003901170351106,"RewardDensity":0.054616384915474644,"Symmetry":0.018468223791417708,"Difficulty":1.75,"Binning*":{"ConsistentRows":false,"ContainsPlayer":true,"NotEmpty":true}},"generatedExamples\\FineTunedLLMGenerator\\realsokoban\\realsokoban_lvl006.txt":{"Density":0.8285714285714286,"NegativeSpace":0.17142857142857143,"ShannonEntropy":4.031997303366754,"FloodReachability":-2.0,"WallFloorRatio":3.2941176470588234,"NaiveSimilarity":-0.6564749608763694,"NGramSimilarity1D":0.0,"NGramSimilarity2D":0.0,"Linearity":NaN,"CompressionDistance":0.7180722891566264,"KLDivergence1D":0.0,"KLDivergence2D":0.0,"BalanceHorizontal":0.288135593220339,"BalanceVertical":0.0,"JensenShannonDivergence1D":0.5,"JensenShannonDivergence2D":0.49999999999999944,"DecorationFrequenct":0.985781990521327,"HazardTileRation":0.004739336492890996,"RewardDensity":0.023696682464454975,"Symmetry":0.5633802816901409,"Difficulty":0.75,"Binning*":{"ConsistentRows":false,"ContainsPlayer":false,"NotEmpty":true}},"generatedExamples\\FineTunedLLMGenerator\\realsokoban\\realsokoban_lvl007.txt":{"Density":0.7833333333333333,"NegativeSpace":0.21666666666666667,"ShannonEntropy":3.953568924514601,"FloodReachability":0.03333333333333333,"WallFloorRatio":2.6470588235294117,"NaiveSimilarity":-0.670138888888889,"NGramSimilarity1D":0.0,"NGramSimilarity2D":0.0,"Linearity":NaN,"CompressionDistance":0.7083333333333334,"KLDivergence1D":0.0,"KLDivergence2D":0.0,"BalanceHorizontal":-0.6276595744680851,"BalanceVertical":0.0,"JensenShannonDivergence1D":0.5,"JensenShannonDivergence2D":0.49999999999999944,"DecorationFrequenct":0.985,"HazardTileRation":0.005,"RewardDensity":0.02,"Symmetry":0.5333333333333333,"Difficulty":0.75,"Binning*":{"ConsistentRows":true,"ContainsPlayer":true,"NotEmpty":true}},"generatedExamples\\FineTunedLLMGenerator\\realsokoban\\realsokoban_lvl008.txt":{"Density":0.803030303030303,"NegativeSpace":0.19696969696969696,"ShannonEntropy":3.9745576072394835,"FloodReachability":-2.0,"WallFloorRatio":3.0,"NaiveSimilarity":-0.6599116161616162,"NGramSimilarity1D":0.0,"NGramSimilarity2D":0.0,"Linearity":NaN,"CompressionDistance":0.7256410256410257,"KLDivergence1D":0.0,"KLDivergence2D":0.0,"BalanceHorizontal":0.1792452830188679,"BalanceVertical":0.0,"JensenShannonDivergence1D":0.5,"JensenShannonDivergence2D":0.49999999999999944,"DecorationFrequenct":0.9854368932038835,"HazardTileRation":0.0048543689320388345,"RewardDensity":0.024271844660194174,"Symmetry":0.5151515151515151,"Difficulty":0.75,"Binning*":{"ConsistentRows":true,"ContainsPlayer":false,"NotEmpty":true}},"generatedExamples\\FineTunedLLMGenerator\\realsokoban\\realsokoban_lvl009.txt":{"Density":0.8877551020408163,"NegativeSpace":0.11224489795918367,"ShannonEntropy":4.26113750644841,"FloodReachability":-2.0,"WallFloorRatio":3.772727272727273,"NaiveSimilarity":-0.5359223300970875,"NGramSimilarity1D":0.0,"NGramSimilarity2D":0.0,"Linearity":NaN,"CompressionDistance":0.825,"KLDivergence1D":0.0,"KLDivergence2D":0.0,"BalanceHorizontal":1.7173913043478262,"BalanceVertical":0.0,"JensenShannonDivergence1D":0.5,"JensenShannonDivergence2D":0.49999999999999944,