{"OutputNGramSimilarity2D":0.4789150328701277,"OutputNGramSimilarity1D":0.970479999999906,"NoveltyScore":0.18232000000001217,"PlaytraceDiversity":0.6065837267329591,"OutputJensenShannonDivergence1D":0.7769974011349254,"OutputJensenShannonDivergence2D":1.0000000000000002,"OutputKLDivergence1D":16.148853752953602,"OutputKLDivergence2D":18.98482251262386,"OutputLevenshteinDistance":0.17383935483872195,"OutputNaiveSimilarity":0.802380419580418,"OutputStructuralSimilarity":0.3303332167832235}