{"generatedExamples\\FineTunedLLMGenerator\\roguelike\\roguelike_lvl000.txt":{"Density":0.7880434782608695,"NegativeSpace":0.21195652173913043,"ShannonEntropy":4.031742645633713,"FloodReachability":0.016216216216216217,"WallFloorRatio":2.4,"NaiveSimilarity":-0.3484848484848485,"NGramSimilarity1D":0.02631578947368421,"NGramSimilarity2D":0.02631578947368421,"Linearity":NaN,"CompressionDistance":0.860665162805964,"KLDivergence1D":0.0,"KLDivergence2D":0.0,"BalanceHorizontal":-2.815068493150685,"BalanceVertical":0.0,"JensenShannonDivergence1D":0.5,"JensenShannonDivergence2D":0.49999999999999534,"DecorationFrequenct":0.9785407725321889,"HazardTileRation":0.030042918454935622,"RewardDensity":0.006437768240343348,"Symmetry":0.5405405405405406,"Difficulty":39.0,"Binning*":{"ConsistentRows":true,"ContainsPlayer":true,"NotEmpty":true}},"generatedExamples\\FineTunedLLMGenerator\\roguelike\\roguelike_lvl001.txt":{"Density":0.8181818181818182,"NegativeSpace":0.18181818181818182,"ShannonEntropy":3.9814399084732863,"FloodReachability":-2.0,"WallFloorRatio":2.5789473684210527,"NaiveSimilarity":-0.09090909090909091,"NGramSimilarity1D":0.0,"NGramSimilarity2D":0.0,"Linearity":NaN,"CompressionDistance":0.8329216358433469,"KLDivergence1D":0.0,"KLDivergence2D":0.0,"BalanceHorizontal":-0.24074074074074073,"BalanceVertical":0.0,"JensenShannonDivergence1D":0.5,"JensenShannonDivergence2D":0.49999999999999534,"DecorationFrequenct":0.9884726224783862,"HazardTileRation":0.01729106628242075,"RewardDensity":0.005763688760806916,"Symmetry":0.5151515151515151,"Difficulty":19.0,"Binning*":{"ConsistentRows":true,"ContainsPlayer":false,"NotEmpty":true}},"generatedExamples\\FineTunedLLMGenerator\\roguelike\\roguelike_lvl002.txt":{"Density":0.743272926963207,"NegativeSpace":0.256727073036793,"ShannonEntropy":4.139436795414562,"FloodReachability":7.804370447450572E-4,"WallFloorRatio":2.1797931583134447,"NaiveSimilarity":-0.02721123829344433,"NGramSimilarity1D":0.029382957884427033,"NGramSimilarity2D":0.029382957884427033,"Linearity":0.08455104325215203,"CompressionDistance":0.9675496688741723,"KLDivergence1D":20.35359788519686,"KLDivergence2D":19.940696753766407,"BalanceHorizontal":-93.10725335166724,"BalanceVertical":3.5372185430463574,"JensenShannonDivergence1D":0.8383458683254997,"JensenShannonDivergence2D":0.9773980581522232,"DecorationFrequenct":0.9594659036719122,"HazardTileRation":0.06509298998569385,"RewardDensity":0.023843586075345733,"Symmetry":0.01012560881825173,"Difficulty":918.0,"Binning*":{"ConsistentRows":false,"ContainsPlayer":true,"NotEmpty":true}},"generatedExamples\\FineTunedLLMGenerator\\roguelike\\roguelike_lvl003.txt":{"Density":0.8115015974440895,"NegativeSpace":0.18849840255591055,"ShannonEntropy":3.9730282171751305,"FloodReachability":0.006309148264984227,"WallFloorRatio":2.2653061224489797,"NaiveSimilarity":-0.5865800865800865,"NGramSimilarity1D":0.0,"NGramSimilarity2D":0.0,"Linearity":0.21381119453526193,"CompressionDistance":0.8488262910798123,"KLDivergence1D":0.0,"KLDivergence2D":0.0,"BalanceHorizontal":-0.03488372093023256,"BalanceVertical":0.3761904761904762,"JensenShannonDivergence1D":0.5016605801278164,"JensenShannonDivergence2D":0.49999999999999534,"DecorationFrequenct":0.9765886287625418,"HazardTileRation":0.033444816053511704,"RewardDensity":0.008361204013377926,"Symmetry":0.021582733812949638,"Difficulty":73.0,"Binning*":{"ConsistentRows":false,"ContainsPlayer":true,"NotEmpty":true}},"generatedExamples\\FineTunedLLMGenerator\\roguelike\\roguelike_lvl004.txt":{"Density":0.7821229050279329,"NegativeSpace":0.21787709497206703,"ShannonEntropy":4.318229661240784,"FloodReachability":-2.0,"WallFloorRatio":2.471631205673759,"NaiveSimilarity":-0.19180672268907561,"NGramSimilarity1D":0.012474012474012475,"NGramSimilarity2D":0.012474012474012475,"Linearity":0.2624629312835691,"CompressionDistance":0.9431906614785992,"KLDivergence1D":19.135784665859326,"KLDivergence2D":19.383891864119043,"BalanceHorizontal":-64.33487450462351,"BalanceVertical":1.1342494714587739,"JensenShannonDivergence1D":0.7977914822669163,"JensenShannonDivergence2D":0.9810083674987983,"DecorationFrequenct":0.9662379421221865,"HazardTileRation":0.06189710610932476,"RewardDensity":0.02090032154340836,"Symmetry":0.02806324110671937,"Difficulty":236.0,"Binning*":{"ConsistentRows":false,"ContainsPlayer":false,"NotEmpty":true}},"generatedExamples\\FineTunedLLMGenerator\\roguelike\\roguelike_lvl005.txt":{"Density":0.8285714285714286,"NegativeSpace":0.17142857142857143,"ShannonEntropy":3.967851231999997,"FloodReachability":-2.0,"WallFloorRatio":2.8947368421052633,"NaiveSimilarity":-0.1038961038961039,"NGramSimilarity1D":0.0,"NGramSimilarity2D":0.0,"Linearity":NaN,"CompressionDistance":0.8328704998947749,"KLDivergence1D":0.0,"KLDivergence2D":0.0,"BalanceHorizontal":0.38333333333333336,"BalanceVertical":0.0,"JensenShannonDivergence1D":0.5,"JensenShannonDivergence2D":0.49999999999999534,"DecorationFrequenct":0.9886685552407932,"HazardTileRation":0.019830028328611898,"RewardDensity":0.0056657223796034,"Symmetry":0.5138888888888888,"Difficulty":22.0,"Binning*":{"ConsistentRows":false,"ContainsPlayer":false,"NotEmpty":true}},"generatedExamples\\FineTunedLLMGenerator\\roguelike\\roguelike_lvl006.txt":{"Density":0.8108108108108109,"NegativeSpace":0.1891891891891892,"ShannonEntropy":4.048557043427136,"FloodReachability":0.02702702702702703,"WallFloorRatio":2.619047619047619,"NaiveSimilarity":-0.10822510822510822,"NGramSimilarity1D":0.0,"NGramSimilarity2D":0.0,"Linearity":NaN,"CompressionDistance":0.8268631368378679,"KLDivergence1D":0.0,"KLDivergence2D":0.0,"BalanceHorizontal":-0.4666666666666667,"BalanceVertical":0.0,"JensenShannonDivergence1D":0.5,"JensenShannonDivergence2D":0.49999999999999534,"DecorationFrequenct":0.9859154929577465,"HazardTileRation":0.016901408450704224,"RewardDensity":0.005633802816901409,"Symmetry":0.5540540540540541,"Difficulty":19.0,"Binning*":{"ConsistentRows":true,"ContainsPlayer":true,"NotEmpty":true}},"generatedExamples\\FineTunedLLMGenerator\\roguelike\\roguelike_lvl007.txt":{"Density":0.7472018525665766,"NegativeSpace":0.2527981474334234,"ShannonEntropy":4.077125651136231,"FloodReachability":0.0010972933430870519,"WallFloorRatio":2.2437070938215102,"NaiveSimilarity":-0.04615947329919532,"NGramSimilarity1D":0.029850746268656716,"NGramSimilarity2D":0.029850746268656716,"Linearity":0.1826257234133432,"CompressionDistance":0.9683079677708146,"KLDivergence1D":20.353153351229217,"KLDivergence2D":19.88641446315042,"BalanceHorizontal":-99.18710918710919,"BalanceVertical":5.120149253731343,"JensenShannonDivergence1D":0.8240043816955286,"JensenShannonDivergence2D":0.9779982415192482,"DecorationFrequenct":0.955824607329843,"HazardTileRation":0.08278795811518325,"RewardDensity":0.01963350785340314,"Symmetry":0.011576590981771665,"Difficulty":862.0,"Binning*":{"ConsistentRows":false,"ContainsPlayer":true,"NotEmpty":true}},"generatedExamples\\FineTunedLLMGenerator\\roguelike\\roguelike_lvl008.txt":{"Density":0.8095238095238095,"NegativeSpace":0.19047619047619047,"ShannonEntropy":4.006923646139894,"FloodReachability":0.011834319526627219,"WallFloorRatio":2.6382978723404253,"NaiveSimilarity":-0.31385281385281383,"NGramSimilarity1D":0.0,"NGramSimilarity2D":0.0,"Linearity":NaN,"CompressionDistance":0.8438265055879055,"KLDivergence1D":0.0,"KLDivergence2D":0.0,"BalanceHorizontal":-0.3284671532846715,"BalanceVertical":0.0,"JensenShannonDivergence1D":0.5,"JensenShannonDivergence2D":0.49999999999999534,"DecorationFrequenct":0.9777777777777777,"HazardTileRation":0.022222222222222223,"RewardDensity":0.006666666666666667,"Symmetry":0.5325443786982249,"Difficulty":31.0,"Binning*":{"ConsistentRows":true,"ContainsPlayer":true,"NotEmpty":true}},"generatedExamples\\FineTunedLLMGenerator\\roguelike\\roguelike_lvl009.txt":{"Density":0.7718360071301248,"NegativeSpace":0.2281639928698752,"ShannonEntropy":4.292574863587307,"FloodReachability":8.382229673093043E-4,"WallFloorRatio":2.4858757062146895,