{"OutputNGramSimilarity2D":0.4233954110929593,"OutputNGramSimilarity1D":0.9563906616237345,"NoveltyScore":0.596796924070921,"PlaytraceDiversity":0.7201948735689617,"OutputJensenShannonDivergence1D":0.3592506551898296,"OutputJensenShannonDivergence2D":0.9929559530375577,"OutputKLDivergence1D":0.8483265062223212,"OutputKLDivergence2D":17.808799991697622,"OutputLevenshteinDistance":0.33356280152493595,"OutputNaiveSimilarity":0.4709817696779941,"OutputStructuralSimilarity":0.010671180323993312}