{"generatedExamples\\FineTunedLLMGenerator\\frogs\\frogs_lvl000.txt":{"Density":0.8230088495575221,"NegativeSpace":0.17699115044247787,"ShannonEntropy":4.15749474021573,"FloodReachability":0.008695652173913044,"WallFloorRatio":3.9166666666666665,"NaiveSimilarity":-0.2814935064935065,"NGramSimilarity1D":0.010101010101010102,"NGramSimilarity2D":0.010101010101010102,"Linearity":NaN,"CompressionDistance":0.8300900078678206,"KLDivergence1D":0.0,"KLDivergence2D":0.0,"BalanceHorizontal":1.2526315789473683,"BalanceVertical":0.0,"JensenShannonDivergence1D":0.5,"JensenShannonDivergence2D":0.5000000000000016,"DecorationFrequenct":0.9907407407407407,"HazardTileRation":0.007407407407407408,"RewardDensity":0.007407407407407408,"Symmetry":0.5304347826086957,"Difficulty":20.0,"Binning*":{"ConsistentRows":true,"ContainsPlayer":true,"NotEmpty":true}},"generatedExamples\\FineTunedLLMGenerator\\frogs\\frogs_lvl001.txt":{"Density":0.8313253012048193,"NegativeSpace":0.1686746987951807,"ShannonEntropy":4.13713946845509,"FloodReachability":-2.0,"WallFloorRatio":4.3125,"NaiveSimilarity":-0.17551948051948052,"NGramSimilarity1D":0.014492753623188406,"NGramSimilarity2D":0.014492753623188406,"Linearity":NaN,"CompressionDistance":0.8199501477279604,"KLDivergence1D":0.0,"KLDivergence2D":0.0,"BalanceHorizontal":0.43478260869565216,"BalanceVertical":0.0,"JensenShannonDivergence1D":0.5,"JensenShannonDivergence2D":0.5000000000000016,"DecorationFrequenct":0.9901380670611439,"HazardTileRation":0.009861932938856016,"RewardDensity":0.0039447731755424065,"Symmetry":0.5301204819277109,"Difficulty":23.5,"Binning*":{"ConsistentRows":true,"ContainsPlayer":false,"NotEmpty":true}},"generatedExamples\\FineTunedLLMGenerator\\frogs\\frogs_lvl002.txt":{"Density":0.714,"NegativeSpace":0.286,"ShannonEntropy":3.9964233761361294,"FloodReachability":-2.0,"WallFloorRatio":2.234567901234568,"NaiveSimilarity":-0.24305283757338553,"NGramSimilarity1D":0.009259259259259259,"NGramSimilarity2D":0.009259259259259259,"Linearity":0.17017302760006134,"CompressionDistance":0.9197452229299363,"KLDivergence1D":18.855183904536652,"KLDivergence2D":19.22653758511707,"BalanceHorizontal":-34.16010498687664,"BalanceVertical":0.9625984251968503,"JensenShannonDivergence1D":0.7898907615162281,"JensenShannonDivergence2D":0.9999999999999737,"DecorationFrequenct":0.95,"HazardTileRation":0.02446808510638298,"RewardDensity":0.01276595744680851,"Symmetry":0.0352622061482821,"Difficulty":132.5,"Binning*":{"ConsistentRows":false,"ContainsPlayer":false,"NotEmpty":true}},"generatedExamples\\FineTunedLLMGenerator\\frogs\\frogs_lvl003.txt":{"Density":0.756,"NegativeSpace":0.244,"ShannonEntropy":4.00761280417526,"FloodReachability":-2.0,"WallFloorRatio":2.7761194029850746,"NaiveSimilarity":-0.7318831168831169,"NGramSimilarity1D":0.011049723756906077,"NGramSimilarity2D":0.011049723756906077,"Linearity":NaN,"CompressionDistance":0.8735632183908046,"KLDivergence1D":0.0,"KLDivergence2D":0.0,"BalanceHorizontal":-4.947368421052632,"BalanceVertical":0.0,"JensenShannonDivergence1D":0.5,"JensenShannonDivergence2D":0.5000000000000016,"DecorationFrequenct":0.9881481481481481,"HazardTileRation":0.02074074074074074,"RewardDensity":0.007407407407407408,"Symmetry":0.5577689243027888,"Difficulty":80.25,"Binning*":{"ConsistentRows":true,"ContainsPlayer":false,"NotEmpty":true}},"generatedExamples\\FineTunedLLMGenerator\\frogs\\frogs_lvl004.txt":{"Density":0.8181818181818182,"NegativeSpace":0.18181818181818182,"ShannonEntropy":4.264955962269045,"FloodReachability":0.006734006734006734,"WallFloorRatio":4.172413793103448,"NaiveSimilarity":-0.8389610389610389,"NGramSimilarity1D":0.0049261083743842365,"NGramSimilarity2D":0.0049261083743842365,"Linearity":0.06316602544425907,"CompressionDistance":0.9013824884792626,"KLDivergence1D":0.0,"KLDivergence2D":0.0,"BalanceHorizontal":-0.2345679012345679,"BalanceVertical":0.47635135135135137,"JensenShannonDivergence1D":0.7372861939603932,"JensenShannonDivergence2D":0.5000000000000016,"DecorationFrequenct":0.9875173370319001,"HazardTileRation":0.030513176144244106,"RewardDensity":0.005547850208044383,"Symmetry":0.01896551724137931,"Difficulty":118.5,"Binning*":{"ConsistentRows":false,"ContainsPlayer":true,"NotEmpty":true}},"generatedExamples\\FineTunedLLMGenerator\\frogs\\frogs_lvl005.txt":{"Density":0.7656514382402707,"NegativeSpace":0.23434856175972926,"ShannonEntropy":4.15727192050093,"FloodReachability":0.0015515903801396431,"WallFloorRatio":3.009259259259259,"NaiveSimilarity":-0.037548487199379366,"NGramSimilarity1D":0.009345794392523364,"NGramSimilarity2D":0.009345794392523364,"Linearity":0.02310544298567658,"CompressionDistance":0.8991452991452992,"KLDivergence1D":0.0,"KLDivergence2D":0.0,"BalanceHorizontal":1.2984189723320159,"BalanceVertical":-0.2932505818463926,"JensenShannonDivergence1D":0.7853778904560562,"JensenShannonDivergence2D":0.999999999999978,"DecorationFrequenct":0.981903093987157,"HazardTileRation":0.01634559252772913,"RewardDensity":0.01576182136602452,"Symmetry":0.3389830508474576,"Difficulty":204.25,"Binning*":{"ConsistentRows":false,"ContainsPlayer":true,"NotEmpty":true}},"generatedExamples\\FineTunedLLMGenerator\\frogs\\frogs_lvl006.txt":{"Density":0.8208955223880597,"NegativeSpace":0.1791044776119403,"ShannonEntropy":4.124968109139694,"FloodReachability":-2.0,"WallFloorRatio":4.0,"NaiveSimilarity":-0.12584415584415584,"NGramSimilarity1D":0.017241379310344827,"NGramSimilarity2D":0.017241379310344827,"Linearity":NaN,"CompressionDistance":0.8043109174416806,"KLDivergence1D":0.0,"KLDivergence2D":0.0,"BalanceHorizontal":-0.017857142857142856,"BalanceVertical":0.0,"JensenShannonDivergence1D":0.5,"JensenShannonDivergence2D":0.5000000000000016,"DecorationFrequenct":0.9898373983739838,"HazardTileRation":0.006097560975609756,"RewardDensity":0.0040650406504065045,"Symmetry":0.5294117647058824,"Difficulty":13.0,"Binning*":{"ConsistentRows":false,"ContainsPlayer":false,"NotEmpty":true}},"generatedExamples\\FineTunedLLMGenerator\\frogs\\frogs_lvl007.txt":{"Density":0.8007662835249042,"NegativeSpace":0.19923371647509577,"ShannonEntropy":4.105597888481058,"FloodReachability":-2.0,"WallFloorRatio":3.732142857142857,"NaiveSimilarity":-0.7716233766233767,"NGramSimilarity1D":0.00980392156862745,"NGramSimilarity2D":0.00980392156862745,"Linearity":NaN,"CompressionDistance":0.9026455026455027,"KLDivergence1D":0.0,"KLDivergence2D":0.0,"BalanceHorizontal":-2.5545023696682465,"BalanceVertical":0.0,"JensenShannonDivergence1D":0.5,"JensenShannonDivergence2D":0.5000000000000016,"DecorationFrequenct":0.9883551673944687,"HazardTileRation":0.021834061135371178,"RewardDensity":0.005822416302765648,"Symmetry":0.5209125475285171,"Difficulty":83.0,"Binning*":{"ConsistentRows":true,"ContainsPlayer":false,"NotEmpty":true}},"generatedExamples\\FineTunedLLMGenerator\\frogs\\frogs_lvl008.txt":{"Density":0.7936507936507936,"NegativeSpace":0.20634920634920634,"ShannonEntropy":3.947846236235016,"FloodReachability":-2.0,"WallFloorRatio":3.125,"NaiveSimilarity":-0.11259740259740258,"NGramSimilarity1D":0.019230769230769232,"NGramSimilarity2D":0.019230769230769232,"Linearity":NaN,"CompressionDistance":0.8108592386370514,"KLDivergence1D":0.0,"KLDivergence2D":0.0,"BalanceHorizontal":-0.08823529411764706,"BalanceVertical":0.0,"JensenShannonDivergence1D":0.5,"JensenShannonDivergence2D":0.5000000000000016,"DecorationFrequenct":0.9897540983606558,"HazardTileRation":0.006147540983606557,"RewardDensity":0.006147540983606557,"Symmetry":0.515625,"Difficulty":13.25,"Binning*":{"ConsistentRows":true,"ContainsPlayer":false,"NotEmpty":true}},"generatedExamples\\FineTunedLLMGenerator\\frogs\\frogs_lvl009.txt":{"Density":0.6692640692640692,"NegativeSpace":0.3307359307359307,"ShannonEntropy":3.951929914205993,"FloodReachability":0.19762510602205258,"WallFloorRatio":1.7065217391304348,"NaiveSimilarity":-0.06513994910941476,"NGramSimilarity1D":0.02666666666666667,"NGramSimilarity2D":0.02666666666666667,"Linearity":0.23691681542208068,