{"OutputJensenShannonDivergence2D":0.9999893267405918,"OutputKLDivergence2D":18.258637597108414}