{"OutputNGramSimilarity2D":0.26855371758227564,"OutputNGramSimilarity1D":0.9691348571477609,"NoveltyScore":0.6723662622438389,"PlaytraceDiversity":0.7652097017427343,"OutputJensenShannonDivergence1D":0.7572571610555966,"OutputJensenShannonDivergence2D":1.0,"OutputKLDivergence1D":12.221003172498312,"OutputKLDivergence2D":19.996576482753262,"OutputLevenshteinDistance":0.34853634858823734,"OutputNaiveSimilarity":0.40595617431922915,"OutputStructuralSimilarity":0.024707099494932515}