{"OutputNGramSimilarity2D":0.40909301810747056,"OutputNGramSimilarity1D":0.9461877023864376,"NoveltyScore":0.6039485106937869,"PlaytraceDiversity":0.7331419984204957,"OutputJensenShannonDivergence1D":0.5585049880138088,"OutputJensenShannonDivergence2D":0.9805812165892716,"OutputKLDivergence1D":1.4419395592084285,"OutputKLDivergence2D":17.908558491908316,"OutputLevenshteinDistance":0.3153303855014163,"OutputNaiveSimilarity":0.4872972897555505,"OutputStructuralSimilarity":0.022315334935884026}