{"OutputNGramSimilarity2D":0.5007405984170782,"OutputNGramSimilarity1D":0.8465000000000386,"NoveltyScore":0.17046322580646883,"PlaytraceDiversity":0.5534878330493554,"OutputJensenShannonDivergence1D":0.41606665871179394,"OutputJensenShannonDivergence2D":0.8881096478520926,"OutputKLDivergence1D":0.9987447298090892,"OutputKLDivergence2D":13.636874862958706,"OutputLevenshteinDistance":0.168601935483888,"OutputNaiveSimilarity":0.815232167832181,"OutputStructuralSimilarity":0.20223286713284577}