{"OutputNGramSimilarity2D":0.4486032734853124,"OutputNGramSimilarity1D":0.9710236363636131,"NoveltyScore":0.38291872509960206,"PlaytraceDiversity":0.7338305919026233,"OutputJensenShannonDivergence1D":0.22490321103957084,"OutputJensenShannonDivergence2D":0.9431947363089592,"OutputKLDivergence1D":0.496532755862257,"OutputKLDivergence2D":16.04480351843796,"OutputLevenshteinDistance":0.2940557768924261,"OutputNaiveSimilarity":0.583928138528141,"OutputStructuralSimilarity":0.1282296536796408}