{"OutputNGramSimilarity2D":0.7600560400183356,"OutputNGramSimilarity1D":0.9737154836294803,"NoveltyScore":0.25850153365469375,"PlaytraceDiversity":0.6065830479998547,"OutputJensenShannonDivergence1D":0.7948954962462345,"OutputJensenShannonDivergence2D":1.0,"OutputKLDivergence1D":16.967945502858978,"OutputKLDivergence2D":18.33611824403578,"OutputLevenshteinDistance":0.15898425040233116,"OutputNaiveSimilarity":0.8263574950467348,"OutputStructuralSimilarity":0.33660631548167635}