{"OutputJensenShannonDivergence2D":0.9908746048996967,"OutputKLDivergence2D":19.199932872995767}