{"OutputNGramSimilarity2D":0.5608867645190905,"OutputNGramSimilarity1D":0.9612978690937993,"NoveltyScore":0.3108081150152393,"PlaytraceDiversity":0.39985612221685096,"OutputJensenShannonDivergence1D":0.7781969171903723,"OutputJensenShannonDivergence2D":1.0,"OutputKLDivergence1D":16.21461222945317,"OutputKLDivergence2D":18.209804396506296,"OutputLevenshteinDistance":0.2187657981490797,"OutputNaiveSimilarity":0.7631383612139803,"OutputStructuralSimilarity":0.19117444340330597}