{"OutputNGramSimilarity2D":0.6219469406930498,"OutputNGramSimilarity1D":0.786280476190448,"NoveltyScore":0.2830880478087668,"PlaytraceDiversity":0.6611021049879372,"OutputJensenShannonDivergence1D":0.41065841350719723,"OutputJensenShannonDivergence2D":0.9120060858898255,"OutputKLDivergence1D":0.9627177722177815,"OutputKLDivergence2D":14.74653719167992,"OutputLevenshteinDistance":0.19770199203187822,"OutputNaiveSimilarity":0.6924021645021865,"OutputStructuralSimilarity":0.15201796536795054}