{"OutputNGramSimilarity2D":NaN,"OutputNGramSimilarity1D":0.9204904296536356,"NoveltyScore":0.24385559268908663,"PlaytraceDiversity":0.6107927807845509,"OutputJensenShannonDivergence1D":0.5154814997109127,"OutputJensenShannonDivergence2D":0.9623784164852978,"OutputKLDivergence1D":4.265867699358557,"OutputKLDivergence2D":17.41350055873655,"OutputLevenshteinDistance":0.18597969798013902,"OutputNaiveSimilarity":0.7516763837864107,"OutputStructuralSimilarity":0.31224318420468095}