{"OutputNGramSimilarity2D":0.5310922225428749,"OutputNGramSimilarity1D":0.9355859190316133,"NoveltyScore":0.30699537410301037,"PlaytraceDiversity":0.7203224988484181,"OutputJensenShannonDivergence1D":0.6057777705008787,"OutputJensenShannonDivergence2D":0.9853732113514467,"OutputKLDivergence1D":1.609469716784864,"OutputKLDivergence2D":18.394353285045238,"OutputLevenshteinDistance":0.18342692583743128,"OutputNaiveSimilarity":0.8012516327967661,"OutputStructuralSimilarity":0.3550068898354626}