{"OutputNGramSimilarity2D":0.4524923438697965,"OutputNGramSimilarity1D":0.898083333333266,"NoveltyScore":0.1456083870967813,"PlaytraceDiversity":0.3959573100167238,"OutputJensenShannonDivergence1D":0.806366540917973,"OutputJensenShannonDivergence2D":0.9999999999999998,"OutputKLDivergence1D":16.809603993484085,"OutputKLDivergence2D":18.88979086815409,"OutputLevenshteinDistance":0.14263870967742442,"OutputNaiveSimilarity":0.8421727272727261,"OutputStructuralSimilarity":0.349658741258745}