{"generatedExamples\\FineTunedLLMGenerator\\mario\\mario_lvl000.txt":{"Density":0.827027027027027,"NegativeSpace":0.17297297297297298,"ShannonEntropy":4.311974081170771,"FloodReachability":0.0106951871657754,"WallFloorRatio":3.6097560975609757,"NaiveSimilarity":-0.4005102040816326,"NGramSimilarity1D":0.0,"NGramSimilarity2D":0.0,"Linearity":NaN,"CompressionDistance":0.8845238095238095,"KLDivergence1D":0.0,"KLDivergence2D":0.0,"BalanceHorizontal":0.3096774193548387,"BalanceVertical":0.0,"JensenShannonDivergence1D":0.49999999999999994,"JensenShannonDivergence2D":0.4999999999999992,"DecorationFrequenct":0.9869791666666666,"HazardTileRation":0.010416666666666666,"RewardDensity":0.010416666666666666,"Symmetry":0.5508021390374331,"Difficulty":6.0,"Binning*":{"ConsistentRows":true,"ContainsPlayer":true,"NotEmpty":true}},"generatedExamples\\FineTunedLLMGenerator\\mario\\mario_lvl001.txt":{"Density":0.8260869565217391,"NegativeSpace":0.17391304347826086,"ShannonEntropy":4.064444228257801,"FloodReachability":0.041666666666666664,"WallFloorRatio":2.8461538461538463,"NaiveSimilarity":-0.04591836734693878,"NGramSimilarity1D":0.0,"NGramSimilarity2D":0.0,"Linearity":NaN,"CompressionDistance":0.739700117846904,"KLDivergence1D":0.0,"KLDivergence2D":0.0,"BalanceHorizontal":0.35,"BalanceVertical":0.0,"JensenShannonDivergence1D":0.49999999999999994,"JensenShannonDivergence2D":0.4999999999999992,"DecorationFrequenct":0.9918367346938776,"HazardTileRation":0.004081632653061225,"RewardDensity":0.012244897959183673,"Symmetry":0.5,"Difficulty":0.0,"Binning*":{"ConsistentRows":true,"ContainsPlayer":true,"NotEmpty":true}},"generatedExamples\\FineTunedLLMGenerator\\mario\\mario_lvl002.txt":{"Density":0.7703703703703704,"NegativeSpace":0.22962962962962963,"ShannonEntropy":4.276703220654038,"FloodReachability":-2.0,"WallFloorRatio":2.412121212121212,"NaiveSimilarity":-0.4181488203266788,"NGramSimilarity1D":0.0027397260273972603,"NGramSimilarity2D":0.0027397260273972603,"Linearity":0.3399227144262046,"CompressionDistance":0.9523035230352305,"KLDivergence1D":19.943867279432506,"KLDivergence2D":19.82683953502576,"BalanceHorizontal":-40.73887587822014,"BalanceVertical":0.9405850091407678,"JensenShannonDivergence1D":0.9019644330597084,"JensenShannonDivergence2D":1.0000000000000069,"DecorationFrequenct":0.9867197875166003,"HazardTileRation":0.01593625498007968,"RewardDensity":0.01593625498007968,"Symmetry":0.009746588693957114,"Difficulty":27.0,"Binning*":{"ConsistentRows":false,"ContainsPlayer":false,"NotEmpty":true}},"generatedExamples\\FineTunedLLMGenerator\\mario\\mario_lvl003.txt":{"Density":0.9178554632387521,"NegativeSpace":0.08214453676124785,"ShannonEntropy":4.003762632264647,"FloodReachability":1.36986301369863E-4,"WallFloorRatio":4.395064744686049,"NaiveSimilarity":-0.0035525114155251143,"NGramSimilarity1D":0.0,"NGramSimilarity2D":0.0,"Linearity":0.18583102907402776,"CompressionDistance":0.9897364771151178,"KLDivergence1D":21.650190022879215,"KLDivergence2D":21.39707413758064,"BalanceHorizontal":-2142.297422274695,"BalanceVertical":15.033013698630137,"JensenShannonDivergence1D":0.9728996260050822,"JensenShannonDivergence2D":1.0000000000001508,"DecorationFrequenct":0.9796545799801067,"HazardTileRation":0.004702052626819784,"RewardDensity":0.026675106248304548,"Symmetry":0.003285145429362881,"Difficulty":4.0,"Binning*":{"ConsistentRows":false,"ContainsPlayer":true,"NotEmpty":true}},"generatedExamples\\FineTunedLLMGenerator\\mario\\mario_lvl004.txt":{"Density":0.8220338983050848,"NegativeSpace":0.17796610169491525,"ShannonEntropy":4.137072815098491,"FloodReachability":-2.0,"WallFloorRatio":3.3793103448275863,"NaiveSimilarity":-0.23979591836734696,"NGramSimilarity1D":0.0,"NGramSimilarity2D":0.0,"Linearity":NaN,"CompressionDistance":0.8186440677966103,"KLDivergence1D":0.0,"KLDivergence2D":0.0,"BalanceHorizontal":0.1796116504854369,"BalanceVertical":0.0,"JensenShannonDivergence1D":0.49999999999999994,"JensenShannonDivergence2D":0.4999999999999992,"DecorationFrequenct":0.9875776397515528,"HazardTileRation":0.009316770186335404,"RewardDensity":0.021739130434782608,"Symmetry":0.564516129032258,"Difficulty":2.0,"Binning*":{"ConsistentRows":false,"ContainsPlayer":false,"NotEmpty":true}},"generatedExamples\\FineTunedLLMGenerator\\mario\\mario_lvl005.txt":{"Density":0.7934782608695652,"NegativeSpace":0.20652173913043478,"ShannonEntropy":4.24120949359965,"FloodReachability":0.010869565217391304,"WallFloorRatio":3.0434782608695654,"NaiveSimilarity":-0.39285714285714285,"NGramSimilarity1D":0.006993006993006993,"NGramSimilarity2D":0.006993006993006993,"Linearity":NaN,"CompressionDistance":0.8782051282051281,"KLDivergence1D":0.0,"KLDivergence2D":0.0,"BalanceHorizontal":-2.664383561643836,"BalanceVertical":0.0,"JensenShannonDivergence1D":0.49999999999999994,"JensenShannonDivergence2D":0.4999999999999992,"DecorationFrequenct":0.9868766404199475,"HazardTileRation":0.010498687664041995,"RewardDensity":0.007874015748031496,"Symmetry":0.5217391304347826,"Difficulty":6.0,"Binning*":{"ConsistentRows":true,"ContainsPlayer":true,"NotEmpty":true}},"generatedExamples\\FineTunedLLMGenerator\\mario\\mario_lvl006.txt":{"Density":0.8421052631578947,"NegativeSpace":0.15789473684210525,"ShannonEntropy":3.905307776373746,"FloodReachability":-2.0,"WallFloorRatio":3.2,"NaiveSimilarity":-0.025510204081632654,"NGramSimilarity1D":0.0,"NGramSimilarity2D":0.0,"Linearity":NaN,"CompressionDistance":0.7357200183444165,"KLDivergence1D":0.0,"KLDivergence2D":0.0,"BalanceHorizontal":0.6176470588235294,"BalanceVertical":0.0,"JensenShannonDivergence1D":0.49999999999999994,"JensenShannonDivergence2D":0.4999999999999992,"DecorationFrequenct":0.9915611814345991,"HazardTileRation":0.004219409282700422,"RewardDensity":0.004219409282700422,"Symmetry":0.5,"Difficulty":0.0,"Binning*":{"ConsistentRows":true,"ContainsPlayer":false,"NotEmpty":true}},"generatedExamples\\FineTunedLLMGenerator\\mario\\mario_lvl007.txt":{"Density":0.841726618705036,"NegativeSpace":0.15827338129496402,"ShannonEntropy":4.411393300892321,"FloodReachability":0.010344827586206896,"WallFloorRatio":3.8666666666666667,"NaiveSimilarity":-0.6632653061224489,"NGramSimilarity1D":0.0,"NGramSimilarity2D":0.0,"Linearity":NaN,"CompressionDistance":0.8973262032085563,"KLDivergence1D":0.0,"KLDivergence2D":0.0,"BalanceHorizontal":-0.3821138211382114,"BalanceVertical":0.0,"JensenShannonDivergence1D":0.49999999999999994,"JensenShannonDivergence2D":0.4999999999999992,"DecorationFrequenct":0.9938398357289527,"HazardTileRation":0.006160164271047228,"RewardDensity":0.01026694045174538,"Symmetry":0.5206896551724138,"Difficulty":4.0,"Binning*":{"ConsistentRows":false,"ContainsPlayer":true,"NotEmpty":true}},"generatedExamples\\FineTunedLLMGenerator\\mario\\mario_lvl008.txt":{"Density":0.8133333333333334,"NegativeSpace":0.18666666666666668,"ShannonEntropy":4.1331217319660984,"FloodReachability":0.02666666666666667,"WallFloorRatio":3.5294117647058822,"NaiveSimilarity":-0.11479591836734696,"NGramSimilarity1D":0.0,"NGramSimilarity2D":0.0,"Linearity":NaN,"CompressionDistance":0.7526351434224068,"KLDivergence1D":0.0,"KLDivergence2D":0.0,"BalanceHorizontal":-0.3442622950819672,"BalanceVertical":0.0,"JensenShannonDivergence1D":0.49999999999999994,"JensenShannonDivergence2D":0.4999999999999992,"DecorationFrequenct":0.9852941176470589,"HazardTileRation":0.007352941176470588,"RewardDensity":0.011029411764705883,"Symmetry":0.56,"Difficulty":2.0,"Binning*":{"ConsistentRows":true,"ContainsPlayer":true,"NotEmpty":true}},"generatedExamples\\FineTunedLLMGenerator\\mario\\mario_lvl009.txt":{"Density":0.8431372549019608,"NegativeSpace":0.1568627450980392,"ShannonEntropy":4.054203282893441,"FloodReachability":-2.0,"WallFloorRatio":3.2857142857142856,"NaiveSimilarity":-0.07142857142857142,"NGramSimilarity1D":0.0,"NGramSimilarity2D":0.0,"Linearity":NaN,"CompressionDistance":0.7487200183444164,"KLDivergence1D":0.0,"KLDivergence2D":0.0,"BalanceHorizontal":0.5,"BalanceVertical":0.0,