{"OutputNGramSimilarity2D":0.33712839650124893,"OutputNGramSimilarity1D":0.954692261904723,"NoveltyScore":0.21353533834586313,"PlaytraceDiversity":0.7675974023911972,"OutputJensenShannonDivergence1D":0.5980216587302419,"OutputJensenShannonDivergence2D":0.9963628506318981,"OutputKLDivergence1D":1.590719910219717,"OutputKLDivergence2D":19.24480931118813,"OutputLevenshteinDistance":0.20461503759398417,"OutputNaiveSimilarity":0.7572632478632417,"OutputStructuralSimilarity":0.2652324786324644}