{"generatedExamples\\FineTunedLLMGenerator\\towerdefense\\towerdefense_lvl000.txt":{"Density":0.7691279652522552,"NegativeSpace":0.23087203474774473,"ShannonEntropy":3.7785698328000366,"FloodReachability":8.655510675129833E-4,"WallFloorRatio":1.8,"NaiveSimilarity":-0.004096941719561454,"NGramSimilarity1D":0.00331858407079646,"NGramSimilarity2D":0.00331858407079646,"Linearity":0.00814756003003718,"CompressionDistance":0.9741116751269034,"KLDivergence1D":22.337586503349996,"KLDivergence2D":22.415588369792047,"BalanceHorizontal":-273.94594594594594,"BalanceVertical":-0.8735565819861432,"JensenShannonDivergence1D":0.8559958960322099,"JensenShannonDivergence2D":0.9921678296490606,"DecorationFrequenct":0.9211949523564255,"HazardTileRation":0.003090394025238218,"RewardDensity":7.725985063095545E-4,"Symmetry":0.004465668559628291,"Difficulty":55.0,"Binning*":{"ConsistentRows":false,"ContainsPlayer":true,"NotEmpty":true}},"generatedExamples\\FineTunedLLMGenerator\\towerdefense\\towerdefense_lvl001.txt":{"Density":0.8014184397163121,"NegativeSpace":0.19858156028368795,"ShannonEntropy":3.736927528014196,"FloodReachability":0.0070921985815602835,"WallFloorRatio":1.4152542372881356,"NaiveSimilarity":-0.7493754432624113,"NGramSimilarity1D":0.010582010582010581,"NGramSimilarity2D":0.010582010582010581,"Linearity":0.06621430762509205,"CompressionDistance":0.8766990291262136,"KLDivergence1D":0.0,"KLDivergence2D":0.0,"BalanceHorizontal":-1.0309734513274336,"BalanceVertical":0.4748201438848921,"JensenShannonDivergence1D":0.47902378196793066,"JensenShannonDivergence2D":0.49999999999999745,"DecorationFrequenct":0.953757225433526,"HazardTileRation":0.001445086705202312,"RewardDensity":0.001445086705202312,"Symmetry":0.024545454545454544,"Difficulty":0.0,"Binning*":{"ConsistentRows":false,"ContainsPlayer":true,"NotEmpty":true}},"generatedExamples\\FineTunedLLMGenerator\\towerdefense\\towerdefense_lvl002.txt":{"Density":0.8125,"NegativeSpace":0.1875,"ShannonEntropy":3.6308920477690365,"FloodReachability":0.03125,"WallFloorRatio":1.3571428571428572,"NaiveSimilarity":-0.15557683290707586,"NGramSimilarity1D":0.018518518518518517,"NGramSimilarity2D":0.018518518518518517,"Linearity":NaN,"CompressionDistance":0.7426921821360123,"KLDivergence1D":0.0,"KLDivergence2D":0.0,"BalanceHorizontal":-0.25,"BalanceVertical":0.0,"JensenShannonDivergence1D":0.5,"JensenShannonDivergence2D":0.49999999999999745,"DecorationFrequenct":0.9789029535864979,"HazardTileRation":0.002109704641350211,"RewardDensity":0.002109704641350211,"Symmetry":0.515625,"Difficulty":0.0,"Binning*":{"ConsistentRows":true,"ContainsPlayer":true,"NotEmpty":true}},"generatedExamples\\FineTunedLLMGenerator\\towerdefense\\towerdefense_lvl003.txt":{"Density":0.7111975789018591,"NegativeSpace":0.2888024210981409,"ShannonEntropy":3.728771943577139,"FloodReachability":8.240626287597857E-4,"WallFloorRatio":1.3669811320754717,"NaiveSimilarity":-0.01623403378656778,"NGramSimilarity1D":0.007453416149068323,"NGramSimilarity2D":0.007453416149068323,"Linearity":0.013163268505605109,"CompressionDistance":0.9680616740088107,"KLDivergence1D":19.951472441017007,"KLDivergence2D":20.10754733510097,"BalanceHorizontal":-91.28112563956793,"BalanceVertical":-0.19718892104175278,"JensenShannonDivergence1D":0.8046227053150689,"JensenShannonDivergence2D":0.9454856639284352,"DecorationFrequenct":0.9293913043478261,"HazardTileRation":0.005565217391304348,"RewardDensity":0.001391304347826087,"Symmetry":0.0256244616709733,"Difficulty":40.0,"Binning*":{"ConsistentRows":false,"ContainsPlayer":true,"NotEmpty":true}},"generatedExamples\\FineTunedLLMGenerator\\towerdefense\\towerdefense_lvl004.txt":{"Density":0.782608695652174,"NegativeSpace":0.21739130434782608,"ShannonEntropy":3.572353396390119,"FloodReachability":-2.0,"WallFloorRatio":1.21875,"NaiveSimilarity":-0.17417011985953804,"NGramSimilarity1D":0.01694915254237288,"NGramSimilarity2D":0.01694915254237288,"Linearity":NaN,"CompressionDistance":0.7255590501307736,"KLDivergence1D":0.0,"KLDivergence2D":0.0,"BalanceHorizontal":-0.5370370370370371,"BalanceVertical":0.0,"JensenShannonDivergence1D":0.5,"JensenShannonDivergence2D":0.49999999999999745,"DecorationFrequenct":0.9791231732776617,"HazardTileRation":0.0020876826722338203,"RewardDensity":0.0020876826722338203,"Symmetry":0.5362318840579711,"Difficulty":0.0,"Binning*":{"ConsistentRows":true,"ContainsPlayer":false,"NotEmpty":true}},"generatedExamples\\FineTunedLLMGenerator\\towerdefense\\towerdefense_lvl005.txt":{"Density":0.6913280776228017,"NegativeSpace":0.3086719223771983,"ShannonEntropy":3.419050106711335,"FloodReachability":0.07549361207897794,"WallFloorRatio":1.0972222222222223,"NaiveSimilarity":-0.025551684088269456,"NGramSimilarity1D":0.047976011994003,"NGramSimilarity2D":0.047976011994003,"Linearity":0.20428889412896767,"CompressionDistance":0.9403462050599201,"KLDivergence1D":20.58073877754643,"KLDivergence2D":20.71298265555501,"BalanceHorizontal":-93.64550700741962,"BalanceVertical":7.007407407407407,"JensenShannonDivergence1D":0.8300468459078054,"JensenShannonDivergence2D":0.9563810596150044,"DecorationFrequenct":0.9102209944751382,"HazardTileRation":0.005985267034990792,"RewardDensity":0.001841620626151013,"Symmetry":0.008278783211397767,"Difficulty":60.0,"Binning*":{"ConsistentRows":false,"ContainsPlayer":true,"NotEmpty":true}},"generatedExamples\\FineTunedLLMGenerator\\towerdefense\\towerdefense_lvl006.txt":{"Density":0.8073089700996677,"NegativeSpace":0.19269102990033224,"ShannonEntropy":3.6097961447803977,"FloodReachability":0.006644518272425249,"WallFloorRatio":1.3671875,"NaiveSimilarity":-0.7644916251384275,"NGramSimilarity1D":0.005,"NGramSimilarity2D":0.005,"Linearity":NaN,"CompressionDistance":0.866326530612245,"KLDivergence1D":0.0,"KLDivergence2D":0.0,"BalanceHorizontal":1.1275720164609053,"BalanceVertical":0.0,"JensenShannonDivergence1D":0.5,"JensenShannonDivergence2D":0.49999999999999745,"DecorationFrequenct":0.9549929676511955,"HazardTileRation":0.0014064697609001407,"RewardDensity":0.0014064697609001407,"Symmetry":0.53156146179402,"Difficulty":0.0,"Binning*":{"ConsistentRows":true,"ContainsPlayer":true,"NotEmpty":true}},"generatedExamples\\FineTunedLLMGenerator\\towerdefense\\towerdefense_lvl007.txt":{"Density":0.7952898550724637,"NegativeSpace":0.20471014492753623,"ShannonEntropy":3.737608898622658,"FloodReachability":0.0035026269702276708,"WallFloorRatio":1.3548387096774193,"NaiveSimilarity":-0.2381786339754816,"NGramSimilarity1D":0.010899182561307902,"NGramSimilarity2D":0.010899182561307902,"Linearity":0.3054279611986669,"CompressionDistance":0.9189473684210526,"KLDivergence1D":18.09540608766988,"KLDivergence2D":18.991326741531484,"BalanceHorizontal":-50.8296943231441,"BalanceVertical":1.0335689045936396,"JensenShannonDivergence1D":0.760314390046493,"JensenShannonDivergence2D":0.9812133201457595,"DecorationFrequenct":0.9421906693711968,"HazardTileRation":0.0030425963488843813,"RewardDensity":0.0030425963488843813,"Symmetry":0.02443609022556391,"Difficulty":10.0,"Binning*":{"ConsistentRows":false,"ContainsPlayer":true,"NotEmpty":true}},"generatedExamples\\FineTunedLLMGenerator\\towerdefense\\towerdefense_lvl008.txt":{"Density":0.8539553752535497,"NegativeSpace":0.1460446247464503,"ShannonEntropy":3.803992175862274,"FloodReachability":0.007736943907156673,"WallFloorRatio":2.2037037037037037,"NaiveSimilarity":-0.5001934235976789,"NGramSimilarity1D":0.009345794392523364,"NGramSimilarity2D":0.009345794392523364,"Linearity":NaN,"CompressionDistance":0.8689075630252102,"KLDivergence1D":0.0,"KLDivergence2D":0.0,"BalanceHorizontal":2.804494382022472,"BalanceVertical":0.0,"JensenShannonDivergence1D":0.5,"JensenShannonDivergence2D":0.49999999999999745,"DecorationFrequenct":0.9395900755124056,"HazardTileRation":0.003236245954692557,"RewardDensity":0.002157497303128371,"Symmetry":0.5222437137330754,"Difficulty":10.0,"Binning*":{"ConsistentRows":false,"ContainsPlayer":true,"NotEmpty":true}},