{"OutputNGramSimilarity2D":0.9999999999999062,"OutputNGramSimilarity1D":0.9999999999999062,"NoveltyScore":0.0,"PlaytraceDiversity":0.3534097795518916,"OutputJensenShannonDivergence1D":0.10227540600368953,"OutputJensenShannonDivergence2D":0.9537408178508006,"OutputKLDivergence1D":0.24391366162090033,"OutputKLDivergence2D":16.749019211366377,"OutputLevenshteinDistance":0.0,"OutputNaiveSimilarity":1.0,"OutputStructuralSimilarity":1.0}