{"OutputNGramSimilarity2D":NaN,"OutputNGramSimilarity1D":0.7802890833308981,"NoveltyScore":0.5878793285426198,"PlaytraceDiversity":0.7879344563775941,"OutputJensenShannonDivergence1D":0.9473892016165917,"OutputJensenShannonDivergence2D":0.6315,"OutputKLDivergence1D":20.03388758670605,"OutputKLDivergence2D":5.86253546013546,"OutputLevenshteinDistance":0.36507870253574115,"OutputNaiveSimilarity":0.47604432903603905,"OutputStructuralSimilarity":0.04957814285705717}