{"OutputNGramSimilarity2D":0.4950744342585314,"OutputNGramSimilarity1D":0.9183998495961196,"NoveltyScore":0.533616476944016,"PlaytraceDiversity":0.6047673066472057,"OutputJensenShannonDivergence1D":0.35266965413923074,"OutputJensenShannonDivergence2D":0.9662971278182263,"OutputKLDivergence1D":0.8298562928434197,"OutputKLDivergence2D":16.7953580482938,"OutputLevenshteinDistance":0.31061956269321805,"OutputNaiveSimilarity":0.5433746817037349,"OutputStructuralSimilarity":0.05420340215603861}