{"generatedExamples\\FineTunedLLMGenerator\\asteroids\\asteroids_lvl000.txt":{"Density":0.8100358422939068,"NegativeSpace":0.18996415770609318,"ShannonEntropy":4.125847148164163,"FloodReachability":0.007142857142857143,"WallFloorRatio":4.127272727272727,"NaiveSimilarity":-0.8951048951048952,"NGramSimilarity1D":0.0,"NGramSimilarity2D":0.0,"Linearity":NaN,"CompressionDistance":0.9026737967914438,"KLDivergence1D":0.0,"KLDivergence2D":0.0,"BalanceHorizontal":1.4295154185022025,"BalanceVertical":0.0,"JensenShannonDivergence1D":0.5,"JensenShannonDivergence2D":0.5000000000000001,"DecorationFrequenct":0.9790575916230366,"HazardTileRation":0.005235602094240838,"RewardDensity":0.002617801047120419,"Symmetry":0.5178571428571429,"Difficulty":3.5,"Binning*":{"ConsistentRows":true,"ContainsPlayer":true,"NotEmpty":true}},"generatedExamples\\FineTunedLLMGenerator\\asteroids\\asteroids_lvl001.txt":{"Density":0.8285714285714286,"NegativeSpace":0.17142857142857143,"ShannonEntropy":4.0929210534594755,"FloodReachability":-2.0,"WallFloorRatio":4.538461538461538,"NaiveSimilarity":-0.16083916083916083,"NGramSimilarity1D":0.0,"NGramSimilarity2D":0.0,"Linearity":NaN,"CompressionDistance":0.7436154949784791,"KLDivergence1D":0.0,"KLDivergence2D":0.0,"BalanceHorizontal":0.1896551724137931,"BalanceVertical":0.0,"JensenShannonDivergence1D":0.5,"JensenShannonDivergence2D":0.5000000000000001,"DecorationFrequenct":0.9825581395348837,"HazardTileRation":0.011627906976744186,"RewardDensity":0.005813953488372093,"Symmetry":0.5142857142857142,"Difficulty":3.25,"Binning*":{"ConsistentRows":true,"ContainsPlayer":false,"NotEmpty":true}},"generatedExamples\\FineTunedLLMGenerator\\asteroids\\asteroids_lvl002.txt":{"Density":0.79375,"NegativeSpace":0.20625,"ShannonEntropy":4.002730287736308,"FloodReachability":-2.0,"WallFloorRatio":3.8823529411764706,"NaiveSimilarity":-0.4895104895104895,"NGramSimilarity1D":0.0,"NGramSimilarity2D":0.0,"Linearity":NaN,"CompressionDistance":0.8736842105263157,"KLDivergence1D":0.0,"KLDivergence2D":0.0,"BalanceHorizontal":0.8129770992366412,"BalanceVertical":0.0,"JensenShannonDivergence1D":0.5,"JensenShannonDivergence2D":0.5000000000000001,"DecorationFrequenct":0.9849624060150376,"HazardTileRation":0.007518796992481203,"RewardDensity":0.0037593984962406013,"Symmetry":0.5182926829268293,"Difficulty":3.25,"Binning*":{"ConsistentRows":true,"ContainsPlayer":false,"NotEmpty":true}},"generatedExamples\\FineTunedLLMGenerator\\asteroids\\asteroids_lvl003.txt":{"Density":0.8106796116504854,"NegativeSpace":0.18932038834951456,"ShannonEntropy":4.1317597650085,"FloodReachability":-2.0,"WallFloorRatio":4.2,"NaiveSimilarity":-0.6363636363636364,"NGramSimilarity1D":0.0,"NGramSimilarity2D":0.0,"Linearity":NaN,"CompressionDistance":0.8834437086092715,"KLDivergence1D":0.0,"KLDivergence2D":0.0,"BalanceHorizontal":0.09281437125748503,"BalanceVertical":0.0,"JensenShannonDivergence1D":0.5,"JensenShannonDivergence2D":0.5000000000000001,"DecorationFrequenct":0.9805194805194806,"HazardTileRation":0.006493506493506494,"RewardDensity":0.003246753246753247,"Symmetry":0.5388349514563107,"Difficulty":3.25,"Binning*":{"ConsistentRows":true,"ContainsPlayer":false,"NotEmpty":true}},"generatedExamples\\FineTunedLLMGenerator\\asteroids\\asteroids_lvl004.txt":{"Density":0.6297397769516728,"NegativeSpace":0.3702602230483271,"ShannonEntropy":3.7519756063678,"FloodReachability":0.002173913043478261,"WallFloorRatio":1.704460966542751,"NaiveSimilarity":0.02608695652173913,"NGramSimilarity1D":0.008368200836820083,"NGramSimilarity2D":0.008368200836820083,"Linearity":0.15674424558038585,"CompressionDistance":0.9395348837209301,"KLDivergence1D":21.655124628389697,"KLDivergence2D":20.9800284781896,"BalanceHorizontal":-62.7108843537415,"BalanceVertical":3.1804347826086956,"JensenShannonDivergence1D":0.9463397368057388,"JensenShannonDivergence2D":0.9999999999999908,"DecorationFrequenct":0.908311345646438,"HazardTileRation":0.009234828496042216,"RewardDensity":0.002638522427440633,"Symmetry":0.014182692307692308,"Difficulty":45.0,"Binning*":{"ConsistentRows":false,"ContainsPlayer":true,"NotEmpty":true}},"generatedExamples\\FineTunedLLMGenerator\\asteroids\\asteroids_lvl005.txt":{"Density":0.8170731707317073,"NegativeSpace":0.18292682926829268,"ShannonEntropy":4.205891097813081,"FloodReachability":-2.0,"WallFloorRatio":3.914285714285714,"NaiveSimilarity":-0.4195804195804196,"NGramSimilarity1D":0.0,"NGramSimilarity2D":0.0,"Linearity":0.008343373389395678,"CompressionDistance":0.8506666666666668,"KLDivergence1D":0.0,"KLDivergence2D":0.0,"BalanceHorizontal":-0.1079136690647482,"BalanceVertical":-0.026627218934911243,"JensenShannonDivergence1D":0.8901827732143811,"JensenShannonDivergence2D":0.5000000000000001,"DecorationFrequenct":0.959409594095941,"HazardTileRation":0.007380073800738007,"RewardDensity":0.0036900369003690036,"Symmetry":0.07303370786516854,"Difficulty":4.25,"Binning*":{"ConsistentRows":false,"ContainsPlayer":false,"NotEmpty":true}},"generatedExamples\\FineTunedLLMGenerator\\asteroids\\asteroids_lvl006.txt":{"Density":0.8159509202453987,"NegativeSpace":0.18404907975460122,"ShannonEntropy":4.283983806633902,"FloodReachability":0.017341040462427744,"WallFloorRatio":4.46875,"NaiveSimilarity":-0.5209790209790209,"NGramSimilarity1D":0.0,"NGramSimilarity2D":0.0,"Linearity":NaN,"CompressionDistance":0.8715151515151515,"KLDivergence1D":0.0,"KLDivergence2D":0.0,"BalanceHorizontal":-0.46153846153846156,"BalanceVertical":0.0,"JensenShannonDivergence1D":0.5,"JensenShannonDivergence2D":0.5000000000000001,"DecorationFrequenct":0.9890909090909091,"HazardTileRation":0.007272727272727273,"RewardDensity":0.0036363636363636364,"Symmetry":0.5086705202312138,"Difficulty":3.5,"Binning*":{"ConsistentRows":false,"ContainsPlayer":true,"NotEmpty":true}},"generatedExamples\\FineTunedLLMGenerator\\asteroids\\asteroids_lvl007.txt":{"Density":0.8246082027342447,"NegativeSpace":0.17539179726575524,"ShannonEntropy":4.244624398370624,"FloodReachability":9.46969696969697E-4,"WallFloorRatio":4.9182156133829,"NaiveSimilarity":0.013320707070707071,"NGramSimilarity1D":0.0,"NGramSimilarity2D":0.0,"Linearity":0.09263239954370633,"CompressionDistance":0.9604651162790697,"KLDivergence1D":0.0,"KLDivergence2D":0.0,"BalanceHorizontal":11.481453444360334,"BalanceVertical":-0.8842504743833017,"JensenShannonDivergence1D":0.9674966770172382,"JensenShannonDivergence2D":0.9999999999999883,"DecorationFrequenct":0.9733944954128441,"HazardTileRation":0.0021406727828746177,"RewardDensity":3.058103975535168E-4,"Symmetry":0.1305498981670061,"Difficulty":20.25,"Binning*":{"ConsistentRows":false,"ContainsPlayer":true,"NotEmpty":true}},"generatedExamples\\FineTunedLLMGenerator\\asteroids\\asteroids_lvl008.txt":{"Density":0.7342179332529152,"NegativeSpace":0.2657820667470848,"ShannonEntropy":4.223011520372603,"FloodReachability":3.0436767615279255E-4,"WallFloorRatio":2.8417205510261456,"NaiveSimilarity":0.005448181403134987,"NGramSimilarity1D":0.0,"NGramSimilarity2D":0.0,"Linearity":0.0068339657632766155,"CompressionDistance":0.9656565656565655,"KLDivergence1D":21.49040524873229,"KLDivergence2D":18.88793238965931,"BalanceHorizontal":-45.39824133373996,"BalanceVertical":3.938061177902907,"JensenShannonDivergence1D":0.984142083154612,"JensenShannonDivergence2D":0.9999999999999957,"DecorationFrequenct":0.9777348968383553,"HazardTileRation":0.004675671663945376,"RewardDensity":0.010835683538667063,"Symmetry":0.019696083155503547,"Difficulty":47.5,"Binning*":{"ConsistentRows":false,"ContainsPlayer":true,"NotEmpty":true}},"generatedExamples\\FineTunedLLMGenerator\\asteroids\\asteroids_lvl009.txt":{"Density":0.7333333333333333,"NegativeSpace":0.26666666666666666,"ShannonEntropy":3.8966023729918504,"FloodReachability":-2.0,"WallFloorRatio":2.183673469387755,"NaiveSimilarity":-0.2055944055944056,"NGramSimilarity1D":0.043010752688172046,"NGramSimilarity2D":0.043010752688172046,"Linearity":0.109795806718269,"CompressionDistance":0.7606837606837608,