{"OutputJensenShannonDivergence2D":0.9210854309517702,"OutputKLDivergence2D":15.06205895212285}