{"OutputNGramSimilarity2D":0.5941534947936244,"OutputNGramSimilarity1D":0.8993944377915591,"NoveltyScore":0.3335041340651801,"PlaytraceDiversity":0.6601024366982352,"OutputJensenShannonDivergence1D":0.4499624901214779,"OutputJensenShannonDivergence2D":0.9215538072521051,"OutputKLDivergence1D":1.1678473488927634,"OutputKLDivergence2D":15.109241187852904,"OutputLevenshteinDistance":0.2046705730636855,"OutputNaiveSimilarity":0.7588881886725924,"OutputStructuralSimilarity":0.3012919556542398}