{"OutputNGramSimilarity2D":0.0,"OutputNGramSimilarity1D":0.0,"NoveltyScore":0.24442718228759966,"PlaytraceDiversity":0.618090502729605,"OutputJensenShannonDivergence1D":0.7180661207961246,"OutputJensenShannonDivergence2D":0.9999936193223966,"OutputKLDivergence1D":2.3530448342463193,"OutputKLDivergence2D":18.290932577872802,"OutputLevenshteinDistance":0.16192531318191175,"OutputNaiveSimilarity":0.8216920611951364,"OutputStructuralSimilarity":0.16380019069266177}