{"OutputNGramSimilarity2D":0.698088284112686,"OutputNGramSimilarity1D":0.9381944119807303,"NoveltyScore":0.24442718228760002,"PlaytraceDiversity":0.6235680473883362,"OutputJensenShannonDivergence1D":0.7180661207961264,"OutputJensenShannonDivergence2D":0.9999936193223989,"OutputKLDivergence1D":2.3530448342463215,"OutputKLDivergence2D":18.29093257787277,"OutputLevenshteinDistance":0.16192531318191214,"OutputNaiveSimilarity":0.8216920611951358,"OutputStructuralSimilarity":0.16380019069266155}