{"generatedExamples\\FineTunedLLMGenerator\\aliens\\aliens_lvl000.txt":{"Density":0.8470588235294118,"NegativeSpace":0.15294117647058825,"ShannonEntropy":4.278809350307993,"FloodReachability":0.023529411764705882,"WallFloorRatio":4.8,"NaiveSimilarity":-0.16666666666666666,"NGramSimilarity1D":0.0,"NGramSimilarity2D":0.0,"Linearity":NaN,"CompressionDistance":0.8263736263736263,"KLDivergence1D":0.0,"KLDivergence2D":0.0,"BalanceHorizontal":1.0138888888888888,"BalanceVertical":0.0,"JensenShannonDivergence1D":0.5000000000000001,"JensenShannonDivergence2D":0.4999999999999997,"DecorationFrequenct":0.9816849816849816,"HazardTileRation":0.003663003663003663,"RewardDensity":0.007326007326007326,"Symmetry":0.5294117647058824,"Difficulty":0.0,"Binning*":{"ConsistentRows":true,"ContainsPlayer":true,"NotEmpty":true}},"generatedExamples\\FineTunedLLMGenerator\\aliens\\aliens_lvl001.txt":{"Density":0.8333333333333334,"NegativeSpace":0.16666666666666666,"ShannonEntropy":3.9698746126380335,"FloodReachability":0.027777777777777776,"WallFloorRatio":5.166666666666667,"NaiveSimilarity":-0.12727272727272726,"NGramSimilarity1D":0.0,"NGramSimilarity2D":0.0,"Linearity":NaN,"CompressionDistance":0.7686746987951809,"KLDivergence1D":0.0,"KLDivergence2D":0.0,"BalanceHorizontal":-0.26666666666666666,"BalanceVertical":0.0,"JensenShannonDivergence1D":0.5000000000000001,"JensenShannonDivergence2D":0.4999999999999997,"DecorationFrequenct":0.9884615384615385,"HazardTileRation":0.0038461538461538464,"RewardDensity":0.0,"Symmetry":0.5416666666666666,"Difficulty":0.0,"Binning*":{"ConsistentRows":true,"ContainsPlayer":true,"NotEmpty":true}},"generatedExamples\\FineTunedLLMGenerator\\aliens\\aliens_lvl002.txt":{"Density":0.875,"NegativeSpace":0.125,"ShannonEntropy":4.030639062229566,"FloodReachability":-2.0,"WallFloorRatio":7.5,"NaiveSimilarity":-0.006060606060606061,"NGramSimilarity1D":0.0,"NGramSimilarity2D":0.0,"Linearity":NaN,"CompressionDistance":0.6743233558009003,"KLDivergence1D":0.0,"KLDivergence2D":0.0,"BalanceHorizontal":0.2857142857142857,"BalanceVertical":0.0,"JensenShannonDivergence1D":0.5000000000000001,"JensenShannonDivergence2D":0.4999999999999997,"DecorationFrequenct":0.990909090909091,"HazardTileRation":0.004545454545454545,"RewardDensity":0.0,"Symmetry":0.53125,"Difficulty":0.0,"Binning*":{"ConsistentRows":true,"ContainsPlayer":false,"NotEmpty":true}},"generatedExamples\\FineTunedLLMGenerator\\aliens\\aliens_lvl003.txt":{"Density":0.7837837837837838,"NegativeSpace":0.21621621621621623,"ShannonEntropy":3.8530760315355255,"FloodReachability":-2.0,"WallFloorRatio":3.8365384615384617,"NaiveSimilarity":-0.18518518518518517,"NGramSimilarity1D":0.006369426751592357,"NGramSimilarity2D":0.006369426751592357,"Linearity":0.04876251152142419,"CompressionDistance":0.8935672514619883,"KLDivergence1D":0.0,"KLDivergence2D":0.0,"BalanceHorizontal":-3.9974293059125965,"BalanceVertical":0.18724279835390947,"JensenShannonDivergence1D":0.7339098975368915,"JensenShannonDivergence2D":0.8664679561521298,"DecorationFrequenct":0.9955947136563876,"HazardTileRation":0.002936857562408223,"RewardDensity":0.011747430249632892,"Symmetry":0.07549504950495049,"Difficulty":0.0,"Binning*":{"ConsistentRows":false,"ContainsPlayer":false,"NotEmpty":true}},"generatedExamples\\FineTunedLLMGenerator\\aliens\\aliens_lvl004.txt":{"Density":0.8125,"NegativeSpace":0.1875,"ShannonEntropy":4.230337797403417,"FloodReachability":0.03125,"WallFloorRatio":3.7142857142857144,"NaiveSimilarity":-0.10303030303030303,"NGramSimilarity1D":0.0,"NGramSimilarity2D":0.0,"Linearity":NaN,"CompressionDistance":0.7493670886075949,"KLDivergence1D":0.0,"KLDivergence2D":0.0,"BalanceHorizontal":-0.019230769230769232,"BalanceVertical":0.0,"JensenShannonDivergence1D":0.5000000000000001,"JensenShannonDivergence2D":0.4999999999999997,"DecorationFrequenct":0.9841269841269841,"HazardTileRation":0.003968253968253968,"RewardDensity":0.007936507936507936,"Symmetry":0.53125,"Difficulty":0.0,"Binning*":{"ConsistentRows":true,"ContainsPlayer":true,"NotEmpty":true}},"generatedExamples\\FineTunedLLMGenerator\\aliens\\aliens_lvl005.txt":{"Density":0.9036520089436954,"NegativeSpace":0.09634799105630462,"ShannonEntropy":4.032085881811492,"FloodReachability":6.293662282081944E-5,"WallFloorRatio":10.187060478199719,"NaiveSimilarity":0.0,"NGramSimilarity1D":0.0,"NGramSimilarity2D":0.0,"Linearity":0.29912902420298404,"CompressionDistance":0.9914313534566699,"KLDivergence1D":0.0,"KLDivergence2D":0.0,"BalanceHorizontal":65.46720121656183,"BalanceVertical":-5.446377997356662,"JensenShannonDivergence1D":0.9802290191739278,"JensenShannonDivergence2D":1.0000000000000229,"DecorationFrequenct":0.9904210984636437,"HazardTileRation":0.010076506810972196,"RewardDensity":0.0,"Symmetry":0.0028571087729344115,"Difficulty":0.0,"Binning*":{"ConsistentRows":false,"ContainsPlayer":true,"NotEmpty":true}},"generatedExamples\\FineTunedLLMGenerator\\aliens\\aliens_lvl006.txt":{"Density":0.7609756097560976,"NegativeSpace":0.23902439024390243,"ShannonEntropy":3.939449025267038,"FloodReachability":0.007874015748031496,"WallFloorRatio":2.9939024390243905,"NaiveSimilarity":0.0,"NGramSimilarity1D":0.0049504950495049506,"NGramSimilarity2D":0.0049504950495049506,"Linearity":0.06640190527612412,"CompressionDistance":0.9065502183406113,"KLDivergence1D":16.693966600085748,"KLDivergence2D":16.222253003376462,"BalanceHorizontal":-6.862704918032787,"BalanceVertical":0.6921259842519685,"JensenShannonDivergence1D":0.7055894942683671,"JensenShannonDivergence2D":0.85548515020542,"DecorationFrequenct":0.9891566265060241,"HazardTileRation":0.0012048192771084338,"RewardDensity":0.01566265060240964,"Symmetry":0.05397727272727272,"Difficulty":0.0,"Binning*":{"ConsistentRows":false,"ContainsPlayer":true,"NotEmpty":true}},"generatedExamples\\FineTunedLLMGenerator\\aliens\\aliens_lvl007.txt":{"Density":0.8103448275862069,"NegativeSpace":0.1896551724137931,"ShannonEntropy":4.161475116339897,"FloodReachability":0.008583690987124463,"WallFloorRatio":4.108695652173913,"NaiveSimilarity":-0.6151515151515151,"NGramSimilarity1D":0.0,"NGramSimilarity2D":0.0,"Linearity":NaN,"CompressionDistance":0.9152941176470588,"KLDivergence1D":0.0,"KLDivergence2D":0.0,"BalanceHorizontal":-0.13756613756613756,"BalanceVertical":0.0,"JensenShannonDivergence1D":0.5000000000000001,"JensenShannonDivergence2D":0.4999999999999997,"DecorationFrequenct":0.9809976247030879,"HazardTileRation":0.0023752969121140144,"RewardDensity":0.004750593824228029,"Symmetry":0.5536480686695279,"Difficulty":0.0,"Binning*":{"ConsistentRows":true,"ContainsPlayer":true,"NotEmpty":true}},"generatedExamples\\FineTunedLLMGenerator\\aliens\\aliens_lvl008.txt":{"Density":0.8235294117647058,"NegativeSpace":0.17647058823529413,"ShannonEntropy":4.174887658186939,"FloodReachability":0.029411764705882353,"WallFloorRatio":4.0,"NaiveSimilarity":-0.11515151515151516,"NGramSimilarity1D":0.0,"NGramSimilarity2D":0.0,"Linearity":NaN,"CompressionDistance":0.76,"KLDivergence1D":0.0,"KLDivergence2D":0.0,"BalanceHorizontal":-0.017857142857142856,"BalanceVertical":0.0,"JensenShannonDivergence1D":0.5000000000000001,"JensenShannonDivergence2D":0.4999999999999997,"DecorationFrequenct":0.984375,"HazardTileRation":0.00390625,"RewardDensity":0.0078125,"Symmetry":0.5294117647058824,"Difficulty":0.0,"Binning*":{"ConsistentRows":true,"ContainsPlayer":true,"NotEmpty":true}},"generatedExamples\\FineTunedLLMGenerator\\aliens\\aliens_lvl009.txt":{"Density":0.8888888888888888,"NegativeSpace":0.1111111111111111,"ShannonEntropy":4.172667471567996,"FloodReachability":0.043478260869565216,"WallFloorRatio":7.0,"NaiveSimilarity":-0.05757575757575758,"NGramSimilarity1D":0.0,"NGramSimilarity2D":0.0,"Linearity":0.22200015084093827,"CompressionDistance":0.775,"KLDivergence1D":0.0,"KLDivergence2D":0.0,"BalanceHorizontal":-0.3064516129032258,"BalanceVertical":0.21014492753623187,"JensenShannonDivergence1D":0.7606655522188932,"JensenShannonDivergence2D":0.4999999999999997,