{"OutputNGramSimilarity2D":NaN,"OutputNGramSimilarity1D":0.985878333341543,"NoveltyScore":0.6450032679013853,"PlaytraceDiversity":0.7505620092484632,"OutputJensenShannonDivergence1D":0.7619645788057097,"OutputJensenShannonDivergence2D":0.9995,"OutputKLDivergence1D":2.9925947783825126,"OutputKLDivergence2D":19.97951403441,"OutputLevenshteinDistance":0.3238634466913478,"OutputNaiveSimilarity":0.4485076805228266,"OutputStructuralSimilarity":0.032497671644998706}